<?xml version="1.0" encoding="UTF-8"?>
<catalog>
    <feature>
        <name>lib-bbm-plugins</name>
        <contextItemName>[BBHOST]</contextItemName>
        <properties>
            <property name="version" label="Version" readonly="true" viewHint="designModeOnly">
                <value type="string">1.0.106</value>
            </property>
            <property name="title" label="Title" readonly="true" viewHint="admin,designModeOnly">
                <value type="string">lib-bbm-plugins</value>
            </property>
            <property name="path" label="Path" readonly="true" viewHint="designModeOnly">
                <value type="string">$(itemRoot)/scripts/lib-bbm-plugins.js</value>
            </property>
        </properties>
    </feature>
</catalog>