<?xml version="1.0" encoding="UTF-8"?>
<catalog>
    <feature>
        <name>ui-bbm-dropdown-ng</name>
        <contextItemName>[BBHOST]</contextItemName>
        <properties>
            <property label="Title" name="title" viewHint="text-input,admin">
                <value type="string">Mobile Dropdown UI Component</value>
            </property>
            <property name="version" label="Version" readonly="true" viewHint="designModeOnly">
                <value type="string">1.0.147</value>
            </property>
        </properties>
    </feature>
</catalog>