<?xml version="1.0" encoding="UTF-8"?>
<catalog>
    <widget>
        <name>widget-bb-personal-profile-ng</name>
        <contextItemName>[BBHOST]</contextItemName>
        <properties>
            <property name="TemplateName">
                <value type="string">Standard_Widget</value>
            </property>
            <property label="Title" name="title" viewHint="text-input,admin">
                <value type="string">Personal Profile</value>
            </property>
            <property name="src">
                <value type="string">$(itemRoot)/index.html</value>
            </property>
            <property name="thumbnailUrl">
                <value type="string">$(itemRoot)/assets/icon.png</value>
            </property>
            <property name="extension" viewHint="text-input,admin">
                <value type="string">ext-bb-personal-profile-ng</value>
            </property>
            <property name="version" label="Version" readonly="true" viewHint="designModeOnly">
                <value type="string">1.0.40</value>
            </property>
        </properties>
    </widget>
</catalog>