{
  "en-US": {
    "form.credit.placeholder": "Select account",
    "form.credit.select": "Please select credit account from a list",
    "form.credit.required": "The credit field is required",
    "form.credit.iban": "Please fill in a valid IBAN",
    "form.repeat.min": "Value is below the minimum allowed occurrences ({min})",
    "form.repeat.max": "Value exceeds the maximum allowed occurrences ({max})",
    "form.repeat.pattern": "Value has to be a whole number",
    "form.repeat.number": "Value is not a valid number",

    "form.label.continue": "Continue",
    "form.label.amount": "Amount",
    "form.label.to": "To",
    "form.label.name": "Name",
    "form.label.iban": "IBAN",
    "form.label.accountnumber": "Account Number",
    "form.label.from": "From",
    "form.label.optional": "(optional)",
    "form.label.description": "Description",
    "form.label.urgent": "Urgent payment",
    "form.label.urgent.on": "Yes",
    "form.label.schedule": "Scheduling",
    "form.label.error": "Error!",
    "form.label.cancel": "Cancel",
    "form.label.edit": "Edit payment",
    "form.label.ENTERED": "Payment successfully submitted",
    "form.label.ACCEPTED": "Payment order is sent to bank",
    "form.label.PROCESSED": "Payment is processed successfully by bank",
    "form.label.REJECTED": "Payment order has been rejected",
    "form.label.confirmation.payment": "New payment",
    "form.label.noAccounts": "No accounts",

    "form.error.description.pattern": "The description should not contain any of $^&%<> symbols",
    "form.error.description.maxlength": "You are not allowed to enter more than 140 characters",

    "form.placeholder.description": "Enter a description to this payment",

    "form.schedule.execution": "Execution",
    "form.schedule.starting": "Starting",
    "form.schedule.today": "Today",
    "form.schedule.on": "On",
    "form.schedule.until": "until",
    "form.schedule.repeat.count": "times",
    "form.schedule.ending": "Ending",
    "form.schedule.never": "Never",
    "form.schedule.after": "After",
    "form.schedule.occurrences": "occurrences",
    "form.schedule.frequency": "Frequency",
    "form.schedule.frequency.once": "Once",
    "form.schedule.frequency.daily": "Daily",
    "form.schedule.frequency.weekly": "Weekly",
    "form.schedule.frequency.monthly": "Monthly",
    "form.schedule.frequency.quarterly": "Quarterly",
    "form.schedule.frequency.annually": "Annually",

    "dialog.switcher.label": "Add as a new contact",
    "dialog.cancel.title": "Cancel payment",
    "dialog.cancel.body": "You are about to cancel the payment.<br/>All data will be cleared.<br>Do you wish to continue?",
    "dialog.cancel.yes": "Yes",
    "dialog.cancel.no": "No",

    "calendar.label.today": "today",

    "account.model.error.auth": "You are not authorized to perform accounts load action",
    "account.model.error.connectivity": "There was a connection problem, please try again",
    "account.model.error.user": "There is a problem with the accounts load action",
    "account.model.error.unexpected": "An unexpected error occurred while performing accounts load action",

    "payment.model.error.auth": "You are not authorized to perform payment submit",
    "payment.model.error.connectivity": "There was a connection problem, please try again",
    "payment.model.error.user": "There is a problem with the payment submit",
    "payment.model.error.unexpected": "An unexpected error occurred while performing payment submit",
    "payment.model.error.breach": "Your payment could not be submitted due to a limit breach.",
    "payment.model.error.breach.shadow": "Your payment could not be submitted, please contact customer support.",
    "payment.model.error.breach.details": "See details",
    "payment.model.error.breach.details.below": "See details below",
    "payment.model.error.breach.modal.header": "Limit breach details",
    "payment.model.error.breach.amount": "Payment amount",
    "payment.model.error.breach.breached": "Limits breached",
    "payment.model.error.breach.limit": "{type} limit",
    "payment.model.error.breach.limit.type": "Personal {type} {breach} limit",
    "payment.model.error.breach.limit.transactional": "Transactional limit",
    "payment.model.error.breach.limit.threshold": "Threshold",
    "payment.model.error.breach.limit.consumed": "Consumed",
    "payment.model.error.breach.limit.available": "Available",
    "payment.model.error.breach.limit.period": "Limitation period",
    "payment.model.error.breach.modal.close": "Close",

    "ui-bb-currency-input-ng.label.currency": "Payment currency",
    "ui-bb-currency-input-ng.label.amount": "Payment amount integer",
    "ui-bb-currency-input-ng.label.decimals": "Payment amount decimal",

    "ui-bb-credit-suggest-ng.filter.hint": "Select available products, use up and down arrow keys to navigate.",
    "ui-bb-credit-suggest-ng.filter.placeholder": "Name",
    "ui-bb-credit-suggest-ng.filter.newRecipient": "Transfer to",
    "ui-bb-credit-suggest-ng.filter.noResults": "There are no products found containing",
    "ui-bb-credit-suggest-ng.account.placeholder": "Account number",
    "ui-bb-credit-suggest-ng.account.more": "Show all",
    "ui-bb-credit-suggest-ng.account.less": "Show less",
    "ui-bb-credit-suggest-ng.group.internal": "Own accounts",
    "ui-bb-credit-suggest-ng.group.external": "Сontacts",

    "cross-currency.indicative-amount": "Indicative converted amount",
    "cross-currency.exchange-rate": "Exchange rate",
    "cross-currency.warning-note": "Please note that this rate can change and should be used as guidance only.",

    "payment.urgent.popup.title": "Urgent payment",
    "payment.urgent.popup.subtitle": "Domestic payments within max 1.5 hours",
    "payment.urgent.popup.description": "If you submit this payment order before 4.30pm and your account balance is sufficient. Charges will apply.",
    "payment.urgent.popup.warning": "*Urgent transfers are not processed on Saturdays, Sundays or Holidays."
  }
}
