<?xml version="1.0" encoding="UTF-8"?>
<catalog>
    <feature>
        <name>config-bb-locale</name>
        <contextItemName>[BBHOST]</contextItemName>
        <properties>
            <property name="title" label="Title" viewHint="admin,designModeOnly">
                <value type="string">Locale Configuration</value>
            </property>
            <property name="version" label="Version" readonly="true" viewHint="admin,designModeOnly">
                <value type="string">1.0.91</value>
            </property>
            <property name="path" label="Path" readonly="true" viewHint="designModeOnly">
                <value type="string">$(itemRoot)/scripts/config-bb-locale.js</value>
            </property>
        </properties>
    </feature>
</catalog>