<?xml version="1.0" encoding="UTF-8"?>
<catalog>
    <feature>
        <name>ui-bb-expandable-ng</name>
        <contextItemName>[BBHOST]</contextItemName>
        <properties>
            <property name="version" label="Version" readonly="true" viewHint="designModeOnly">
                <value type="string">1.1.99</value>
            </property>
            <property name="title" label="Title" readonly="true" viewHint="admin,designModeOnly">
                <value type="string">ui-bb-expandable-ng</value>
            </property>
            <property name="path" label="Path" readonly="true" viewHint="designModeOnly">
                <value type="string">$(itemRoot)/scripts/ui-bb-expandable-ng.js</value>
            </property>
            <property name="feature.vendor-bb-angular" label="Feature Vendor Bb Angular" readonly="true" viewHint="">
                <value type="string">vendor-bb-angular</value>
            </property>
            <property name="feature.vendor-bb-uib-collapse" label="Feature Vendor Bb Uib Collapse" readonly="true" viewHint="">
                <value type="string">vendor-bb-uib-collapse</value>
            </property>
        </properties>
    </feature>
</catalog>