<?xml version="1.0" encoding="UTF-8"?>
<catalog>
    <feature>
        <name>ext-bb-action-recipes-ng</name>
        <contextItemName>[BBHOST]</contextItemName>
        <properties>
            <property name="version" label="Version" readonly="true" viewHint="text-input,admin,designModeOnly">
                <value type="string">1.4.6</value>
            </property>
            <property name="title" label="Title" readonly="true" viewHint="admin,designModeOnly">
                <value type="string">ext-bb-action-recipes-ng</value>
            </property>
            <property name="path" label="Path" readonly="true" viewHint="designModeOnly">
                <value type="string">$(itemRoot)/scripts/ext-bb-action-recipes-ng.js</value>
            </property>
            <property name="feature.vendor-bb-angular-ng-aria" label="Feature Vendor Bb Angular Ng Aria" readonly="true" viewHint="">
                <value type="string">vendor-bb-angular-ng-aria</value>
            </property>
            <property name="feature.ui-bb-substitute-error-ng" label="Feature Ui Bb Substitute Error Ng" readonly="true" viewHint="">
                <value type="string">ui-bb-substitute-error-ng</value>
            </property>
            <property name="feature.ui-bb-i18n-ng" label="Feature Ui Bb I 18 N Ng" readonly="true" viewHint="">
                <value type="string">ui-bb-i18n-ng</value>
            </property>
            <property name="feature.ui-bb-account-selector" label="Feature Ui Bb Account Selector" readonly="true" viewHint="">
                <value type="string">ui-bb-account-selector</value>
            </property>
            <property name="feature.ui-bb-dropdown-select" label="Feature Ui Bb Dropdown Select" readonly="true" viewHint="">
                <value type="string">ui-bb-dropdown-select</value>
            </property>
            <property name="feature.ui-bb-currency-input-ng" label="Feature Ui Bb Currency Input Ng" readonly="true" viewHint="">
                <value type="string">ui-bb-currency-input-ng</value>
            </property>
            <property name="feature.ui-bb-format-amount" label="Feature Ui Bb Format Amount" readonly="true" viewHint="">
                <value type="string">ui-bb-format-amount</value>
            </property>
            <property name="feature.ui-bb-loading-indicator-ng" label="Feature Ui Bb Loading Indicator Ng" readonly="true" viewHint="">
                <value type="string">ui-bb-loading-indicator-ng</value>
            </property>
            <property name="feature.ui-bb-confirm-ng" label="Feature Ui Bb Confirm Ng" readonly="true" viewHint="">
                <value type="string">ui-bb-confirm-ng</value>
            </property>
            <property name="feature.ui-bb-switcher-ng" label="Feature Ui Bb Switcher Ng" readonly="true" viewHint="">
                <value type="string">ui-bb-switcher-ng</value>
            </property>
        </properties>
    </feature>
</catalog>