{
  "en-US": {
    "label.loading": "Loading...",
    "label.title": "Actions",
    "label.new-action": "Set new action",
    "label.notify-me": "Notify me when",

    "label.list.recipe.type.newTransaction": "new incoming transaction",
    "label.list.empty": "You currently have no actions",

    "label.list.recipe.condition.less": "less than",
    "label.list.recipe.condition.more": "is more than",
    "label.list.recipe.condition.lessOrEqual": "is equal or less than",
    "label.list.recipe.condition.moreOrEqual": "is equal or more than",
    "label.list.recipe.condition.equal": "is",

    "label.recipe.choose-action": "Choose action type",
    "label.recipe.cancel": "Cancel",
    "label.recipe.new-action": "Set new action",
    "label.recipe.new-action.close.aria-label": "Close",
    "label.recipe.edit-action": "Edit action",
    "label.recipe.edit-action.close.aria-label": "Close",
    "label.recipe.saveAndEnable": "Save & Enable",
    "label.recipe.save": "Save changes",
    "label.recipe.notify-me": "Notify me",
    "label.recipe.notify.browser": "in browser",
    "label.recipe.notify.sms": "by SMS",
    "label.recipe.notify.email": "by email",
    "label.recipe.select-account": "Select account",
    "label.recipe.activation.aria-label": "Action activation",

    "label.recipe.confirm.remove-header": "Delete Action",
    "label.recipe.confirm.remove-text": "You are about to delete an action. This cannot be undone. Do you wish to continue?",
    "label.recipe.confirm.remove-btn": "Delete",
    "label.recipe.confirm.cancel-btn": "Cancel",

    "label.recipe.newTransaction.gte": "Transaction amount is equal or more than",

    "label.edit.delete": "Delete Action",

    "ui-bb-currency-input-ng.label.currency": "Currency",
    "ui-bb-currency-input-ng.label.amount": "Amount integer",
    "ui-bb-currency-input-ng.label.decimals": "Amount decimal",

    "newTransaction": "Notification on incoming transactions",

    "currentAccounts": "Current Accounts",
    "savingsAccounts": "Savings",

    "error.auth": "You are not authorised to perform this action.",
    "error.connection": "Connection error",
    "error.unexpected": "An unexpected error occurred, we apologise for the inconvenience. Please try again later.",
    "error.user": "An unexpected error occurred, we apologise for the inconvenience. Please try again later.",
    "error.recipe.activation.failed": "Recipe activation failed.",
    "error.recipe.deactivation.failed": "Recipe deactivation failed."
  }
}
