<?xml version="1.0" encoding="UTF-8"?>
<catalog>
    <feature>
        <name>model-training-appointments-ng</name>
        <contextItemName>[BBHOST]</contextItemName>
        <properties>
            <property label="Version" name="version" viewHint="text-input,admin,designModeOnly">
                <value type="string">0.1.0-alpha.0</value>
            </property>
            <property name="title" label="Title" readonly="true" viewHint="admin,designModeOnly">
                <value type="string">model-training-appointments-ng</value>
            </property>
            <property name="path" label="Path" readonly="true" viewHint="designModeOnly">
                <value type="string">$(itemRoot)/scripts/model-training-appointments-ng.js</value>
            </property>
            <property name="feature.vendor-bb-angular" label="Feature Vendor Bb Angular" readonly="true" viewHint="">
                <value type="string">vendor-bb-angular</value>
            </property>
            <property name="feature.mock.data-bb-advisors-http-ng" label="Feature Mock Data Bb Advisors Http Ng" readonly="true" viewHint="">
                <value type="string">mock.data-bb-advisors-http-ng</value>
            </property>
            <property name="feature.mock.data-bb-advisor_appointments-http-ng" label="Feature Mock Data Bb Advisor Appointments Http Ng" readonly="true" viewHint="">
                <value type="string">mock.data-bb-advisor_appointments-http-ng</value>
            </property>
            <property name="feature.mock.data-bb-customers-http-ng" label="Feature Mock Data Bb Customers Http Ng" readonly="true" viewHint="">
                <value type="string">mock.data-bb-customers-http-ng</value>
            </property>
        </properties>
    </feature>
</catalog>