<?xml version="1.0" encoding="UTF-8"?>
<catalog>
    <feature>
        <name>ext-bb-manage-products-ng</name>
        <contextItemName>[BBHOST]</contextItemName>
        <properties>
            <property name="version" label="Version" readonly="true" viewHint="text-input,admin,designModeOnly">
                <value type="string">1.3.4</value>
            </property>
            <property name="title" label="Title" readonly="true" viewHint="admin,designModeOnly">
                <value type="string">ext-bb-manage-products-ng</value>
            </property>
            <property name="path" label="Path" readonly="true" viewHint="designModeOnly">
                <value type="string">$(itemRoot)/scripts/ext-bb-manage-products-ng.js</value>
            </property>
            <property name="feature.vendor-bb-angular-ng-aria" label="Feature Vendor Bb Angular Ng Aria" readonly="true" viewHint="">
                <value type="string">vendor-bb-angular-ng-aria</value>
            </property>
            <property name="feature.ui-bb-format-amount" label="Feature Ui Bb Format Amount" readonly="true" viewHint="">
                <value type="string">ui-bb-format-amount</value>
            </property>
            <property name="feature.ui-bb-loading-indicator-ng" label="Feature Ui Bb Loading Indicator Ng" readonly="true" viewHint="">
                <value type="string">ui-bb-loading-indicator-ng</value>
            </property>
            <property name="feature.ui-bb-substitute-error-ng" label="Feature Ui Bb Substitute Error Ng" readonly="true" viewHint="">
                <value type="string">ui-bb-substitute-error-ng</value>
            </property>
            <property name="feature.ui-bb-element-dimensions-ng" label="Feature Ui Bb Element Dimensions Ng" readonly="true" viewHint="">
                <value type="string">ui-bb-element-dimensions-ng</value>
            </property>
            <property name="feature.ui-bb-notification-stripe-ng" label="Feature Ui Bb Notification Stripe Ng" readonly="true" viewHint="">
                <value type="string">ui-bb-notification-stripe-ng</value>
            </property>
            <property name="feature.ui-bb-i18n-ng" label="Feature Ui Bb I 18 N Ng" readonly="true" viewHint="">
                <value type="string">ui-bb-i18n-ng</value>
            </property>
            <property name="feature.ui-bb-focus-ng" label="Feature Ui Bb Focus Ng" readonly="true" viewHint="">
                <value type="string">ui-bb-focus-ng</value>
            </property>
            <property name="feature.ui-bb-empty-state-ng" label="Feature Ui Bb Empty State Ng" readonly="true" viewHint="">
                <value type="string">ui-bb-empty-state-ng</value>
            </property>
        </properties>
    </feature>
</catalog>