<?xml version="1.0" encoding="UTF-8"?>
<catalog>
    <feature>
        <name>ui-bb-account-selector</name>
        <contextItemName>[BBHOST]</contextItemName>
        <properties>
            <property name="version" label="Version" readonly="true" viewHint="designModeOnly">
                <value type="string">1.8.4</value>
            </property>
            <property name="title" label="Title" readonly="true" viewHint="admin,designModeOnly">
                <value type="string">ui-bb-account-selector</value>
            </property>
            <property name="path" label="Path" readonly="true" viewHint="designModeOnly">
                <value type="string">$(itemRoot)/scripts/ui-bb-account-selector.js</value>
            </property>
            <property name="feature.vendor-bb-angular" label="Feature Vendor Bb Angular" readonly="true" viewHint="">
                <value type="string">vendor-bb-angular</value>
            </property>
            <property name="feature.ui-bb-format-amount" label="Feature Ui Bb Format Amount" readonly="true" viewHint="">
                <value type="string">ui-bb-format-amount</value>
            </property>
            <property name="feature.ui-bb-dropdown-select" label="Feature Ui Bb Dropdown Select" readonly="true" viewHint="">
                <value type="string">ui-bb-dropdown-select</value>
            </property>
            <property name="feature.ui-bb-search-box-ng" label="Feature Ui Bb Search Box Ng" readonly="true" viewHint="">
                <value type="string">ui-bb-search-box-ng</value>
            </property>
            <property name="feature.ui-bb-list-ng" label="Feature Ui Bb List Ng" readonly="true" viewHint="">
                <value type="string">ui-bb-list-ng</value>
            </property>
        </properties>
    </feature>
</catalog>