<?xml version="1.0" encoding="UTF-8"?>
<catalog>
    <feature>
        <name>ui-bb-iban-ng</name>
        <contextItemName>[BBHOST]</contextItemName>
        <properties>
            <property name="title" label="Title" readonly="true" viewHint="designModeOnly">
                <value type="string">ui-bb-iban-ng</value>
            </property>
            <property name="version" label="Version" readonly="true" viewHint="designModeOnly">
                <value type="string">1.0.155</value>
            </property>
        </properties>
    </feature>
</catalog>