<?xml version="1.0" encoding="UTF-8"?>
<catalog>
    <feature>
        <name>ui-bb-autocomplete-search-ng</name>
        <contextItemName>[BBHOST]</contextItemName>
        <properties>
            <property name="version" label="Version" readonly="true" viewHint="text-input,admin,designModeOnly">
                <value type="string">1.0.47</value>
            </property>
            <property name="title" label="Title" readonly="true" viewHint="admin,designModeOnly">
                <value type="string">ui-bb-autocomplete-search-ng</value>
            </property>
            <property name="path" label="Path" readonly="true" viewHint="designModeOnly">
                <value type="string">$(itemRoot)/scripts/ui-bb-autocomplete-search-ng.js</value>
            </property>
            <property name="feature.vendor-bb-angular" label="Feature Vendor Bb Angular" readonly="true" viewHint="">
                <value type="string">vendor-bb-angular</value>
            </property>
            <property name="feature.ui-bb-search-box-ng" label="Feature Ui Bb Search Box Ng" readonly="true" viewHint="">
                <value type="string">ui-bb-search-box-ng</value>
            </property>
            <property name="feature.ui-bb-list-ng" label="Feature Ui Bb List Ng" readonly="true" viewHint="">
                <value type="string">ui-bb-list-ng</value>
            </property>
            <property name="feature.vendor-bb-angular-sanitize" label="Feature Vendor Bb Angular Sanitize" readonly="true" viewHint="">
                <value type="string">vendor-bb-angular-sanitize</value>
            </property>
            <property name="feature.vendor-bb-uib-typeahead" label="Feature Vendor Bb Uib Typeahead" readonly="true" viewHint="">
                <value type="string">vendor-bb-uib-typeahead</value>
            </property>
        </properties>
    </feature>
</catalog>