<?xml version="1.0" encoding="UTF-8"?>
<catalog>
    <feature>
        <name>lib-bb-styles</name>
        <contextItemName>[BBHOST]</contextItemName>
        <properties>
            <property name="title" label="Title" viewHint="admin,designModeOnly">
                <value type="string">Library for reading styles from document stylesheet</value>
            </property>
            <property name="version" label="Version" readonly="true" viewHint="admin,designModeOnly">
                <value type="string">1.2.20</value>
            </property>
            <property name="path" label="Path" readonly="true" viewHint="designModeOnly">
                <value type="string">$(itemRoot)/scripts/lib-bb-styles.js</value>
            </property>
        </properties>
    </feature>
</catalog>