<?xml version="1.0" encoding="UTF-8"?>
<catalog>
    <feature>
        <name>ui-bbm-dropdown-ng</name>
        <contextItemName>[BBHOST]</contextItemName>
        <properties>
            <property label="Title" name="title" viewHint="text-input,admin">
                <value type="string">Mobile Dropdown UI Component</value>
            </property>
            <property name="version" label="Version" readonly="true" viewHint="designModeOnly">
                <value type="string">1.0.147</value>
            </property>
            <property name="path" label="Path" readonly="true" viewHint="designModeOnly">
                <value type="string">$(itemRoot)/scripts/ui-bbm-dropdown-ng.js</value>
            </property>
            <property name="feature.vendor-bb-angular" label="Feature Vendor Bb Angular" readonly="true" viewHint="">
                <value type="string">vendor-bb-angular</value>
            </property>
            <property name="feature.lib-bbm-plugins" label="Feature Lib Bbm Plugins" readonly="true" viewHint="">
                <value type="string">lib-bbm-plugins</value>
            </property>
        </properties>
    </feature>
</catalog>