<?xml version="1.0" encoding="UTF-8"?>
<catalog>
    <widget>
        <name>widget-bbm-notification-center-ng</name>
        <contextItemName>[BBHOST]</contextItemName>
        <properties>
            <property name="TemplateName">
                <value type="string">Standard_Widget</value>
            </property>
            <property label="Title" name="title" viewHint="text-input,admin">
                <value type="string">Mobile notification center widget</value>
            </property>
            <property name="thumbnailUrl">
                <value type="string">$(itemRoot)/assets/icon.png</value>
            </property>
            <property name="src">
                <value type="string">$(itemRoot)/index.html</value>
            </property>
            <property name="extension" viewHint="text-input,admin">
                <value type="string">ext-bbm-notification-center-list-ng</value>
            </property>
            <property label="Number of notifications per page" name="bb.notification.pageSize" viewHint="text-input,admin">
                <value type="long">10</value>
            </property>
            <property label="Polling Interval (ms)" name="pollingInterval" viewHint="text-input,admin">
                <value type="long">0</value>
            </property>
            <property name="version" label="Version" readonly="true" viewHint="text-input,admin,designModeOnly">
                <value type="string">1.0.50</value>
            </property>
            <property name="intents" viewHint="text-input,admin">
                <value type="string">intent.bb.notification.list.show,intent.bb.notification.details.show</value>
            </property>
            <property name="path" label="Path" readonly="true" viewHint="designModeOnly">
                <value type="string">$(itemRoot)/scripts/widget-bbm-notification-center-ng.js</value>
            </property>
            <property name="feature.vendor-bb-angular" label="Feature Vendor Bb Angular" readonly="true" viewHint="">
                <value type="string">vendor-bb-angular</value>
            </property>
            <property name="feature.lib-bb-widget-ng" label="Feature Lib Bb Widget Ng" readonly="true" viewHint="">
                <value type="string">lib-bb-widget-ng</value>
            </property>
            <property name="feature.lib-bb-event-bus-ng" label="Feature Lib Bb Event Bus Ng" readonly="true" viewHint="">
                <value type="string">lib-bb-event-bus-ng</value>
            </property>
            <property name="feature.model-bb-notifications-ng" label="Feature Model Bb Notifications Ng" readonly="true" viewHint="">
                <value type="string">model-bb-notifications-ng</value>
            </property>
            <property name="feature.lib-bb-intent-ng" label="Feature Lib Bb Intent Ng" readonly="true" viewHint="">
                <value type="string">lib-bb-intent-ng</value>
            </property>
            <property name="feature.lib-bb-widget-extension-ng" label="Feature Lib Bb Widget Extension Ng" readonly="true" viewHint="">
                <value type="string">lib-bb-widget-extension-ng</value>
            </property>
            <property name="feature.lib-bb-storage-ng" label="Feature Lib Bb Storage Ng" readonly="true" viewHint="">
                <value type="string">lib-bb-storage-ng</value>
            </property>
            <property name="feature.ext-bbm-notification-center-list-ng" label="Feature Ext Bbm Notification Center List Ng" readonly="true" viewHint="">
                <value type="string">ext-bbm-notification-center-list-ng</value>
            </property>
            <property name="feature.vendor-bb-systemjs" label="Feature Vendor Bb Systemjs" readonly="true" viewHint="">
                <value type="string">vendor-bb-systemjs</value>
            </property>
            <property name="feature.config-bb-module-loader" label="Feature Config Bb Module Loader" readonly="true" viewHint="">
                <value type="string">config-bb-module-loader</value>
            </property>
            <property name="feature.lib-bb-start" label="Feature Lib Bb Start" readonly="true" viewHint="">
                <value type="string">lib-bb-start</value>
            </property>
        </properties>
    </widget>
</catalog>