<?xml version="1.0" encoding="UTF-8"?>
<catalog>
    <widget>
        <name>widget-bb-notification-badge-ng</name>
        <contextItemName>[BBHOST]</contextItemName>
        <properties>
            <property name="TemplateName">
                <value type="string">Standard_Widget</value>
            </property>
            <property label="Title" name="title" viewHint="text-input,admin">
                <value type="string">Widget Notification Badge</value>
            </property>
            <property name="thumbnailUrl">
                <value type="string">$(itemRoot)/assets/icon.png</value>
            </property>
            <property name="src">
                <value type="string">$(itemRoot)/index.html</value>
            </property>
            <property name="extension" label="Extension name" viewHint="text-input,admin">
                <value type="string">ext-bb-notification-badge-ng</value>
            </property>
            <property label="Polling interval (ms)" name="pollingInterval" viewHint="text-input,admin">
                <value type="long">0</value>
            </property>
            <property label="Show counter on badge" name="badgeCounter" viewHint="checkbox,admin">
                <value type="string">true</value>
            </property>
            <property label="Notifications per page in popover" name="bb.notification.pageSize" viewHint="text-input,admin">
                <value type="long">15</value>
            </property>
            <property label="Notifications per page in popover (DEPRECATED)" name="itemsPerPage" viewHint="text-input,admin">
                <value type="long">0</value>
            </property>
            <property name="version" label="Version" readonly="true" viewHint="text-input,admin,designModeOnly">
                <value type="string">2.4.61</value>
            </property>
            <property name="path" label="Path" readonly="true" viewHint="designModeOnly">
                <value type="string">$(itemRoot)/scripts/widget-bb-notification-badge-ng.js</value>
            </property>
            <property name="feature.vendor-bb-angular" label="Feature Vendor Bb Angular" readonly="true" viewHint="">
                <value type="string">vendor-bb-angular</value>
            </property>
            <property name="feature.lib-bb-event-bus-ng" label="Feature Lib Bb Event Bus Ng" readonly="true" viewHint="">
                <value type="string">lib-bb-event-bus-ng</value>
            </property>
            <property name="feature.lib-bb-model-errors" label="Feature Lib Bb Model Errors" readonly="true" viewHint="">
                <value type="string">lib-bb-model-errors</value>
            </property>
            <property name="feature.model-bb-notifications-ng" label="Feature Model Bb Notifications Ng" readonly="true" viewHint="">
                <value type="string">model-bb-notifications-ng</value>
            </property>
            <property name="feature.lib-bb-intent-ng" label="Feature Lib Bb Intent Ng" readonly="true" viewHint="">
                <value type="string">lib-bb-intent-ng</value>
            </property>
            <property name="feature.ext-bb-notification-badge-ng" label="Feature Ext Bb Notification Badge Ng" readonly="true" viewHint="">
                <value type="string">ext-bb-notification-badge-ng</value>
            </property>
            <property name="feature.vendor-bb-systemjs" label="Feature Vendor Bb Systemjs" readonly="true" viewHint="">
                <value type="string">vendor-bb-systemjs</value>
            </property>
            <property name="feature.config-bb-module-loader" label="Feature Config Bb Module Loader" readonly="true" viewHint="">
                <value type="string">config-bb-module-loader</value>
            </property>
            <property name="feature.lib-bb-start" label="Feature Lib Bb Start" readonly="true" viewHint="">
                <value type="string">lib-bb-start</value>
            </property>
        </properties>
    </widget>
</catalog>