<?xml version="1.0" encoding="UTF-8"?>
<catalog>
    <feature>
        <name>config-bb-providers-ng</name>
        <contextItemName>[BBHOST]</contextItemName>
        <properties>
            <property name="title" label="Title" viewHint="admin,designModeOnly">
                <value type="string">Global Angular decorators module.</value>
            </property>
            <property name="version" label="Version" readonly="true" viewHint="admin,designModeOnly">
                <value type="string">1.0.106</value>
            </property>
        </properties>
    </feature>
</catalog>