<?xml version="1.0" encoding="UTF-8"?>
<catalog>
    <feature>
        <name>ext-bbm-contact-details-ng</name>
        <contextItemName>[BBHOST]</contextItemName>
        <properties>
            <property name="version" label="Version" readonly="true" viewHint="designModeOnly">
                <value type="string">1.0.161</value>
            </property>
            <property name="title" label="Title" readonly="true" viewHint="admin,designModeOnly">
                <value type="string">ext-bbm-contact-details-ng</value>
            </property>
            <property name="path" label="Path" readonly="true" viewHint="designModeOnly">
                <value type="string">$(itemRoot)/scripts/ext-bbm-contact-details-ng.js</value>
            </property>
            <property name="feature.ui-bb-i18n-ng" label="Feature Ui Bb I 18 N Ng" readonly="true" viewHint="">
                <value type="string">ui-bb-i18n-ng</value>
            </property>
            <property name="feature.ui-bb-avatar-ng" label="Feature Ui Bb Avatar Ng" readonly="true" viewHint="">
                <value type="string">ui-bb-avatar-ng</value>
            </property>
        </properties>
    </feature>
</catalog>