<?xml version="1.0" encoding="UTF-8"?>
<catalog>
    <widget>
        <name>widget-bbm-initiate-payment-ng</name>
        <contextItemName>[BBHOST]</contextItemName>
        <properties>
            <property name="TemplateName">
                <value type="string">Standard_Widget</value>
            </property>
            <property name="title" label="Title" viewHint="text-input,admin">
                <value type="string">Mobile Initiate Payment widget</value>
            </property>
            <property name="src">
                <value type="string">$(itemRoot)/index.html</value>
            </property>
            <property name="thumbnailUrl">
                <value type="string">$(itemRoot)/assets/icon.png</value>
            </property>
            <property name="extension" label="Extension name" viewHint="text-input,admin">
                <value type="string">ext-bbm-initiate-payment-form-ng</value>
            </property>
            <property name="bb.payment.description.REGEX" label="Pattern for the description" viewHint="text-input,admin">
                <value type="string"/>
            </property>
            <property name="bb.payment.review.step" label="Show review step" viewHint="text-input,admin">
                <value type="boolean">true</value>
            </property>
            <property name="bb.payment.show.pin" label="Show pin authorization step" viewHint="text-input,admin">
                <value type="boolean">false</value>
            </property>
            <property label="Recurring payment orders" name="bb.payment.recurring" viewHint="checkbox,admin">
                <value type="boolean">true</value>
            </property>
            <property name="bb.payment.urgent" label="Urgent payment" readonly="false" viewHint="checkbox,admin">
                <value type="boolean">false</value>
            </property>
            <property name="intents" viewHint="text-input,admin">
                <value type="string">intent.bb.paymentOrder.payment.initiate,view.payment.account.select,view.payment.form.show,view.payment.review.show,view.payment.schedule.select</value>
            </property>
            <property name="version" label="Version" readonly="true" viewHint="designModeOnly">
                <value type="string">1.1.44</value>
            </property>
        </properties>
    </widget>
</catalog>