<?xml version="1.0" encoding="UTF-8"?>
<catalog>
    <widget>
        <name>widget-bb-places-ng</name>
        <contextItemName>[BBHOST]</contextItemName>
        <properties>
            <property name="TemplateName">
                <value type="string">Standard_Widget</value>
            </property>
            <property label="Title" name="title" viewHint="text-input,admin">
                <value type="string">Places</value>
            </property>
            <property name="src">
                <value type="string">$(itemRoot)/index.html</value>
            </property>
            <property name="thumbnailUrl">
                <value type="string">$(itemRoot)/assets/icon.png</value>
            </property>
            <property name="extension" label="Extension name" viewHint="text-input,admin">
                <value type="string">ext-bb-places-ng</value>
            </property>
            <property name="version" label="Version" readonly="true" viewHint="text-input,admin,designModeOnly">
                <value type="string">1.0.39</value>
            </property>
            <property label="API URL for a map" name="mapApiUrl" viewHint="text-input,admin,designModeOnly">
                <value type="string">http://maps.googleapis.com/maps/api</value>
            </property>
            <property label="API Key" name="apiKey" viewHint="text-input,admin,designModeOnly">
                <value type="string"/>
            </property>
            <property label="Default zoom value for a map" name="mapZoom" viewHint="text-input,admin,designModeOnly">
                <value type="double">15</value>
            </property>
            <property label="Latitude" name="latitude" viewHint="text-input,admin,designModeOnly">
                <value type="double">52.3760992</value>
            </property>
            <property label="Longitude" name="longitude" viewHint="text-input,admin,designModeOnly">
                <value type="double">4.900779</value>
            </property>
            <property label="Radius in km to filter list view" name="placesFilterRadius" viewHint="text-input,admin,designModeOnly">
                <value type="double">2</value>
            </property>
            <property label="Maximum amount of locations to display" name="limitList" viewHint="text-input,admin,designModeOnly">
                <value type="double">500</value>
            </property>
            <property name="path" label="Path" readonly="true" viewHint="designModeOnly">
                <value type="string">$(itemRoot)/scripts/widget-bb-places-ng.js</value>
            </property>
            <property name="feature.vendor-bb-angular" label="Feature Vendor Bb Angular" readonly="true" viewHint="">
                <value type="string">vendor-bb-angular</value>
            </property>
            <property name="feature.lib-bb-widget-ng" label="Feature Lib Bb Widget Ng" readonly="true" viewHint="">
                <value type="string">lib-bb-widget-ng</value>
            </property>
            <property name="feature.lib-bb-model-errors" label="Feature Lib Bb Model Errors" readonly="true" viewHint="">
                <value type="string">lib-bb-model-errors</value>
            </property>
            <property name="feature.lib-bb-widget-extension-ng" label="Feature Lib Bb Widget Extension Ng" readonly="true" viewHint="">
                <value type="string">lib-bb-widget-extension-ng</value>
            </property>
            <property name="feature.model-bb-places-ng" label="Feature Model Bb Places Ng" readonly="true" viewHint="">
                <value type="string">model-bb-places-ng</value>
            </property>
            <property name="feature.lib-bb-event-bus-ng" label="Feature Lib Bb Event Bus Ng" readonly="true" viewHint="">
                <value type="string">lib-bb-event-bus-ng</value>
            </property>
            <property name="feature.lib-bb-intent-ng" label="Feature Lib Bb Intent Ng" readonly="true" viewHint="">
                <value type="string">lib-bb-intent-ng</value>
            </property>
            <property name="feature.ext-bb-places-ng" label="Feature Ext Bb Places Ng" readonly="true" viewHint="">
                <value type="string">ext-bb-places-ng</value>
            </property>
            <property name="feature.vendor-bb-systemjs" label="Feature Vendor Bb Systemjs" readonly="true" viewHint="">
                <value type="string">vendor-bb-systemjs</value>
            </property>
            <property name="feature.config-bb-module-loader" label="Feature Config Bb Module Loader" readonly="true" viewHint="">
                <value type="string">config-bb-module-loader</value>
            </property>
            <property name="feature.lib-bb-start" label="Feature Lib Bb Start" readonly="true" viewHint="">
                <value type="string">lib-bb-start</value>
            </property>
        </properties>
    </widget>
</catalog>