<?xml version="1.0" encoding="UTF-8"?>
<catalog>
    <feature>
        <name>lib-bb-start</name>
        <contextItemName>[BBHOST]</contextItemName>
        <properties>
            <property name="version" label="Version" readonly="true" viewHint="designModeOnly">
                <value type="string">2.0.53</value>
            </property>
            <property name="feature.lib-bb-start-ng" label="Feature Lib Bb Start Ng" readonly="true" viewHint="">
                <value type="string">lib-bb-start-ng</value>
            </property>
            <property name="feature.vendor-bb-systemjs" label="Feature Vendor Bb Systemjs" readonly="true" viewHint="">
                <value type="string">vendor-bb-systemjs</value>
            </property>
            <property name="title" label="Title" readonly="true" viewHint="admin,designModeOnly">
                <value type="string">lib-bb-start</value>
            </property>
            <property name="path" label="Path" readonly="true" viewHint="designModeOnly">
                <value type="string">$(itemRoot)/scripts/lib-bb-start.js</value>
            </property>
        </properties>
    </feature>
</catalog>