<?xml version="1.0" encoding="UTF-8"?>
<catalog>
    <feature>
        <name>ext-bb-contact-list-ng</name>
        <contextItemName>[BBHOST]</contextItemName>
        <properties>
            <property name="version" label="Version" readonly="true" viewHint="designModeOnly">
                <value type="string">1.1.9</value>
            </property>
            <property name="title" label="Title" readonly="true" viewHint="admin,designModeOnly">
                <value type="string">ext-bb-contact-list-ng</value>
            </property>
            <property name="path" label="Path" readonly="true" viewHint="designModeOnly">
                <value type="string">$(itemRoot)/scripts/ext-bb-contact-list-ng.js</value>
            </property>
            <property name="feature.ui-bb-account-card" label="Feature Ui Bb Account Card" readonly="true" viewHint="">
                <value type="string">ui-bb-account-card</value>
            </property>
            <property name="feature.ui-bb-inline-status-ng" label="Feature Ui Bb Inline Status Ng" readonly="true" viewHint="">
                <value type="string">ui-bb-inline-status-ng</value>
            </property>
            <property name="feature.ui-bb-confirm-ng" label="Feature Ui Bb Confirm Ng" readonly="true" viewHint="">
                <value type="string">ui-bb-confirm-ng</value>
            </property>
            <property name="feature.ui-bb-substitute-error-ng" label="Feature Ui Bb Substitute Error Ng" readonly="true" viewHint="">
                <value type="string">ui-bb-substitute-error-ng</value>
            </property>
            <property name="feature.ui-bb-notification-stripe-ng" label="Feature Ui Bb Notification Stripe Ng" readonly="true" viewHint="">
                <value type="string">ui-bb-notification-stripe-ng</value>
            </property>
            <property name="feature.ui-bb-iban-ng" label="Feature Ui Bb Iban Ng" readonly="true" viewHint="">
                <value type="string">ui-bb-iban-ng</value>
            </property>
            <property name="feature.ui-bb-i18n-ng" label="Feature Ui Bb I 18 N Ng" readonly="true" viewHint="">
                <value type="string">ui-bb-i18n-ng</value>
            </property>
            <property name="feature.ui-bb-load-more-ng" label="Feature Ui Bb Load More Ng" readonly="true" viewHint="">
                <value type="string">ui-bb-load-more-ng</value>
            </property>
            <property name="feature.ui-bb-loading-indicator-ng" label="Feature Ui Bb Loading Indicator Ng" readonly="true" viewHint="">
                <value type="string">ui-bb-loading-indicator-ng</value>
            </property>
            <property name="feature.ui-bb-track-form-changes-ng" label="Feature Ui Bb Track Form Changes Ng" readonly="true" viewHint="">
                <value type="string">ui-bb-track-form-changes-ng</value>
            </property>
            <property name="feature.vendor-bb-angular-ng-messages" label="Feature Vendor Bb Angular Ng Messages" readonly="true" viewHint="">
                <value type="string">vendor-bb-angular-ng-messages</value>
            </property>
            <property name="feature.vendor-bb-angular-ng-aria" label="Feature Vendor Bb Angular Ng Aria" readonly="true" viewHint="">
                <value type="string">vendor-bb-angular-ng-aria</value>
            </property>
            <property name="feature.ui-bb-search-box-ng" label="Feature Ui Bb Search Box Ng" readonly="true" viewHint="">
                <value type="string">ui-bb-search-box-ng</value>
            </property>
            <property name="feature.ui-bb-loading-overlay-ng" label="Feature Ui Bb Loading Overlay Ng" readonly="true" viewHint="">
                <value type="string">ui-bb-loading-overlay-ng</value>
            </property>
            <property name="feature.ui-bb-empty-state-ng" label="Feature Ui Bb Empty State Ng" readonly="true" viewHint="">
                <value type="string">ui-bb-empty-state-ng</value>
            </property>
        </properties>
    </feature>
</catalog>