<?xml version="1.0" encoding="UTF-8"?>
<catalog>
    <feature>
        <name>ui-bb-calendar-popup-ng</name>
        <contextItemName>[BBHOST]</contextItemName>
        <properties>
            <property label="Title" name="title" viewHint="text-input,admin">
                <value type="string">Calendar Popup UI Component</value>
            </property>
            <property name="version" label="Version" readonly="true" viewHint="designModeOnly">
                <value type="string">1.2.82</value>
            </property>
            <property name="path" label="Path" readonly="true" viewHint="designModeOnly">
                <value type="string">$(itemRoot)/scripts/ui-bb-calendar-popup-ng.js</value>
            </property>
            <property name="feature.vendor-bb-angular" label="Feature Vendor Bb Angular" readonly="true" viewHint="">
                <value type="string">vendor-bb-angular</value>
            </property>
            <property name="feature.vendor-bb-uib-datepicker" label="Feature Vendor Bb Uib Datepicker" readonly="true" viewHint="">
                <value type="string">vendor-bb-uib-datepicker</value>
            </property>
            <property name="feature.vendor-bb-uib-position" label="Feature Vendor Bb Uib Position" readonly="true" viewHint="">
                <value type="string">vendor-bb-uib-position</value>
            </property>
            <property name="feature.vendor-bb-uib-datepicker-popup" label="Feature Vendor Bb Uib Datepicker Popup" readonly="true" viewHint="">
                <value type="string">vendor-bb-uib-datepicker-popup</value>
            </property>
        </properties>
    </feature>
</catalog>