<?xml version="1.0" encoding="UTF-8"?>
<catalog>
    <feature>
        <name>ui-bb-credit-suggest-ng</name>
        <contextItemName>[BBHOST]</contextItemName>
        <properties>
            <property label="Title" name="title" viewHint="text-input,admin">
                <value type="string">Credit Suggest UI Component</value>
            </property>
            <property name="version" label="Version" readonly="true" viewHint="designModeOnly">
                <value type="string">1.6.38</value>
            </property>
            <property name="path" label="Path" readonly="true" viewHint="designModeOnly">
                <value type="string">$(itemRoot)/scripts/ui-bb-credit-suggest-ng.js</value>
            </property>
            <property name="feature.ui-bb-i18n-ng" label="Feature Ui Bb I 18 N Ng" readonly="true" viewHint="">
                <value type="string">ui-bb-i18n-ng</value>
            </property>
            <property name="feature.ui-bb-iban-ng" label="Feature Ui Bb Iban Ng" readonly="true" viewHint="">
                <value type="string">ui-bb-iban-ng</value>
            </property>
            <property name="feature.ui-bb-avatar-ng" label="Feature Ui Bb Avatar Ng" readonly="true" viewHint="">
                <value type="string">ui-bb-avatar-ng</value>
            </property>
            <property name="feature.vendor-bb-angular" label="Feature Vendor Bb Angular" readonly="true" viewHint="">
                <value type="string">vendor-bb-angular</value>
            </property>
            <property name="feature.ui-bb-autocomplete-search-ng" label="Feature Ui Bb Autocomplete Search Ng" readonly="true" viewHint="">
                <value type="string">ui-bb-autocomplete-search-ng</value>
            </property>
            <property name="feature.vendor-bb-uib-debounce" label="Feature Vendor Bb Uib Debounce" readonly="true" viewHint="">
                <value type="string">vendor-bb-uib-debounce</value>
            </property>
            <property name="feature.vendor-bb-uib-position" label="Feature Vendor Bb Uib Position" readonly="true" viewHint="">
                <value type="string">vendor-bb-uib-position</value>
            </property>
            <property name="feature.vendor-bb-uib-typeahead" label="Feature Vendor Bb Uib Typeahead" readonly="true" viewHint="">
                <value type="string">vendor-bb-uib-typeahead</value>
            </property>
            <property name="feature.lib-bb-iban" label="Feature Lib Bb Iban" readonly="true" viewHint="">
                <value type="string">lib-bb-iban</value>
            </property>
        </properties>
    </feature>
</catalog>