<?xml version="1.0" encoding="UTF-8"?>
<catalog>
    <feature>
        <name>ext-bb-budget-ng</name>
        <contextItemName>[BBHOST]</contextItemName>
        <properties>
            <property name="version" label="Version" readonly="true" viewHint="text-input,admin,designModeOnly">
                <value type="string">1.2.4</value>
            </property>
            <property name="title" label="Title" readonly="true" viewHint="admin,designModeOnly">
                <value type="string">ext-bb-budget-ng</value>
            </property>
            <property name="path" label="Path" readonly="true" viewHint="designModeOnly">
                <value type="string">$(itemRoot)/scripts/ext-bb-budget-ng.js</value>
            </property>
            <property name="feature.ui-bb-i18n-ng" label="Feature Ui Bb I 18 N Ng" readonly="true" viewHint="">
                <value type="string">ui-bb-i18n-ng</value>
            </property>
            <property name="feature.vendor-bb-angular-ng-aria" label="Feature Vendor Bb Angular Ng Aria" readonly="true" viewHint="">
                <value type="string">vendor-bb-angular-ng-aria</value>
            </property>
            <property name="feature.ui-bb-substitute-error-ng" label="Feature Ui Bb Substitute Error Ng" readonly="true" viewHint="">
                <value type="string">ui-bb-substitute-error-ng</value>
            </property>
            <property name="feature.ui-bb-empty-state-ng" label="Feature Ui Bb Empty State Ng" readonly="true" viewHint="">
                <value type="string">ui-bb-empty-state-ng</value>
            </property>
            <property name="feature.ui-bb-loading-indicator-ng" label="Feature Ui Bb Loading Indicator Ng" readonly="true" viewHint="">
                <value type="string">ui-bb-loading-indicator-ng</value>
            </property>
            <property name="feature.ui-bb-budget-card-ng" label="Feature Ui Bb Budget Card Ng" readonly="true" viewHint="">
                <value type="string">ui-bb-budget-card-ng</value>
            </property>
            <property name="feature.ui-bb-notification-stripe-ng" label="Feature Ui Bb Notification Stripe Ng" readonly="true" viewHint="">
                <value type="string">ui-bb-notification-stripe-ng</value>
            </property>
            <property name="feature.ui-bb-currency-input-ng" label="Feature Ui Bb Currency Input Ng" readonly="true" viewHint="">
                <value type="string">ui-bb-currency-input-ng</value>
            </property>
            <property name="feature.ui-bb-modal-ng" label="Feature Ui Bb Modal Ng" readonly="true" viewHint="">
                <value type="string">ui-bb-modal-ng</value>
            </property>
            <property name="feature.ui-bb-stepper-ng" label="Feature Ui Bb Stepper Ng" readonly="true" viewHint="">
                <value type="string">ui-bb-stepper-ng</value>
            </property>
        </properties>
    </feature>
</catalog>