<?xml version="1.0" encoding="UTF-8"?>
<catalog>
    <widget>
        <name>widget-bb-transactions-ng</name>
        <contextItemName>[BBHOST]</contextItemName>
        <properties>
            <property name="title" label="Title" viewHint="text-input,admin">
                <value type="string">Transactions</value>
            </property>
            <property name="TemplateName">
                <value type="string">Standard_Widget</value>
            </property>
            <property name="src">
                <value type="string">$(itemRoot)/index.html</value>
            </property>
            <property name="thumbnailUrl">
                <value type="string">$(itemRoot)/assets/icon.png</value>
            </property>
            <property name="transactionListSize" label="Number of transaction records per page (DEPRECATED)" viewHint="text-input,admin">
                <value type="string">10</value>
            </property>
            <property name="bb.transaction.pageSize" label="Number of transaction records per page" viewHint="text-input,admin">
                <value type="string">10</value>
            </property>
            <property label="Max. number of navigation pages" name="bb.transaction.maxNavPages" viewHint="text-input,admin">
                <value type="long">3</value>
            </property>
            <property label="Pagination type (pagination, load-more)" name="bb.transaction.paginationType" viewHint="text-input,admin">
                <value type="string">pagination</value>
            </property>
            <property name="bb.transaction.notificationDismissTime" label="Number of seconds to dismiss the notification" viewHint="text-input,manager">
                <value type="string">3</value>
            </property>
            <property label="Show all transactions initially" name="bb.transaction.loadAllTransactionsOnInit" viewHint="text-input,admin,manager">
                <value type="boolean">true</value>
            </property>
            <property name="extension" label="Extension name" viewHint="text-input,admin">
                <value type="string">ext-bb-transactions-ng</value>
            </property>
            <property name="bb.product.selected" label="Sync preference for selected product" viewHint="text-input,admin">
                <value type="string"/>
            </property>
            <property name="bb.transaction.initLoad" label="Load data on init" viewHint="designModeOnly">
                <value type="boolean">true</value>
            </property>
            <property name="intents" viewHint="text-input,admin,designModeOnly">
                <value type="string">view.account.transactions,view.account.category.transactions</value>
            </property>
            <property name="version" label="Version" readonly="true" viewHint="designModeOnly">
                <value type="string">1.13.10</value>
            </property>
            <property name="path" label="Path" readonly="true" viewHint="designModeOnly">
                <value type="string">$(itemRoot)/scripts/widget-bb-transactions-ng.js</value>
            </property>
            <property name="feature.vendor-bb-angular" label="Feature Vendor Bb Angular" readonly="true" viewHint="">
                <value type="string">vendor-bb-angular</value>
            </property>
            <property name="feature.lib-bb-widget-ng" label="Feature Lib Bb Widget Ng" readonly="true" viewHint="">
                <value type="string">lib-bb-widget-ng</value>
            </property>
            <property name="feature.lib-bb-model-errors" label="Feature Lib Bb Model Errors" readonly="true" viewHint="">
                <value type="string">lib-bb-model-errors</value>
            </property>
            <property name="feature.lib-bb-widget-extension-ng" label="Feature Lib Bb Widget Extension Ng" readonly="true" viewHint="">
                <value type="string">lib-bb-widget-extension-ng</value>
            </property>
            <property name="feature.lib-bb-intent-ng" label="Feature Lib Bb Intent Ng" readonly="true" viewHint="">
                <value type="string">lib-bb-intent-ng</value>
            </property>
            <property name="feature.lib-bb-event-bus-ng" label="Feature Lib Bb Event Bus Ng" readonly="true" viewHint="">
                <value type="string">lib-bb-event-bus-ng</value>
            </property>
            <property name="feature.lib-bb-state-container-ng" label="Feature Lib Bb State Container Ng" readonly="true" viewHint="">
                <value type="string">lib-bb-state-container-ng</value>
            </property>
            <property name="feature.model-bb-transactions-ng" label="Feature Model Bb Transactions Ng" readonly="true" viewHint="">
                <value type="string">model-bb-transactions-ng</value>
            </property>
            <property name="feature.lib-bb-extension-helpers-ng" label="Feature Lib Bb Extension Helpers Ng" readonly="true" viewHint="">
                <value type="string">lib-bb-extension-helpers-ng</value>
            </property>
            <property name="feature.ext-bb-transactions-ng" label="Feature Ext Bb Transactions Ng" readonly="true" viewHint="">
                <value type="string">ext-bb-transactions-ng</value>
            </property>
            <property name="feature.vendor-bb-systemjs" label="Feature Vendor Bb Systemjs" readonly="true" viewHint="">
                <value type="string">vendor-bb-systemjs</value>
            </property>
            <property name="feature.config-bb-module-loader" label="Feature Config Bb Module Loader" readonly="true" viewHint="">
                <value type="string">config-bb-module-loader</value>
            </property>
            <property name="feature.lib-bb-start" label="Feature Lib Bb Start" readonly="true" viewHint="">
                <value type="string">lib-bb-start</value>
            </property>
        </properties>
    </widget>
</catalog>