<?xml version="1.0" encoding="UTF-8"?>
<catalog>
    <feature>
        <name>ui-bb-currency-input-ng</name>
        <contextItemName>[BBHOST]</contextItemName>
        <properties>
            <property label="Title" name="title" viewHint="text-input,admin">
                <value type="string">Currency Input UI Component</value>
            </property>
            <property name="version" label="Version" readonly="true" viewHint="designModeOnly">
                <value type="string">1.3.20</value>
            </property>
        </properties>
    </feature>
</catalog>