<?xml version="1.0" encoding="UTF-8"?>
<catalog>
    <widget>
        <name>widget-bb-turnovers-ng</name>
        <contextItemName>[BBHOST]</contextItemName>
        <properties>
            <property name="TemplateName">
                <value type="string">Standard_Widget</value>
            </property>
            <property label="Title" name="title" viewHint="text-input,admin">
                <value type="string">Turnovers</value>
            </property>
            <property name="bb.turnovers.getProductsFromStorage" label="Cache products" viewHint="checkbox,admin">
                <value type="boolean">true</value>
            </property>
            <property name="bb.turnovers.useFirstProductAsDefault" label="First product as default" viewHint="checkbox,admin">
                <value type="boolean">true</value>
            </property>
            <property name="multipleAccounts" label="Multiple accounts enabled" viewHint="checkbox,admin">
                <value type="boolean">false</value>
            </property>
            <property name="src">
                <value type="string">$(itemRoot)/index.html</value>
            </property>
            <property name="thumbnailUrl">
                <value type="string">$(itemRoot)/assets/icon.png</value>
            </property>
            <property name="extension" viewHint="text-input,admin">
                <value type="string">ext-bb-turnovers-ng</value>
            </property>
            <property name="version" label="Version" readonly="true" viewHint="text-input,admin,designModeOnly">
                <value type="string">2.0.8</value>
            </property>
        </properties>
    </widget>
</catalog>