<?xml version="1.0" encoding="UTF-8"?>
<catalog>
    <feature>
        <name>ext-bbm-notification-center-details-ng</name>
        <contextItemName>[BBHOST]</contextItemName>
        <properties>
            <property name="version" label="Version" readonly="true" viewHint="text-input,admin,designModeOnly">
                <value type="string">1.0.36</value>
            </property>
            <property name="title" label="Title" readonly="true" viewHint="admin,designModeOnly">
                <value type="string">ext-bbm-notification-center-details-ng</value>
            </property>
            <property name="path" label="Path" readonly="true" viewHint="designModeOnly">
                <value type="string">$(itemRoot)/scripts/ext-bbm-notification-center-details-ng.js</value>
            </property>
            <property name="feature.ui-bb-i18n-ng" label="Feature Ui Bb I 18 N Ng" readonly="true" viewHint="">
                <value type="string">ui-bb-i18n-ng</value>
            </property>
            <property name="feature.ui-bb-date-label-filter-ng" label="Feature Ui Bb Date Label Filter Ng" readonly="true" viewHint="">
                <value type="string">ui-bb-date-label-filter-ng</value>
            </property>
            <property name="feature.ui-bb-list-ng" label="Feature Ui Bb List Ng" readonly="true" viewHint="">
                <value type="string">ui-bb-list-ng</value>
            </property>
            <property name="feature.lib-bbm-plugins" label="Feature Lib Bbm Plugins" readonly="true" viewHint="">
                <value type="string">lib-bbm-plugins</value>
            </property>
        </properties>
    </feature>
</catalog>