<?xml version="1.0" encoding="UTF-8"?>
<catalog>
    <feature>
        <name>theme-bbm-default</name>
        <contextItemName>[BBHOST]</contextItemName>
        <properties>
            <property label="Title" name="title" viewHint="text-input,admin">
                <value type="string">Theme BBM Default</value>
            </property>
            <property name="version" label="Version" readonly="true" viewHint="text-input,admin,designModeOnly">
                <value type="string">1.0.6</value>
            </property>
            <property label="Path" name="path" viewHint="">
                <value type="string">styles/index.scss</value>
            </property>
        </properties>
    </feature>
</catalog>