<?xml version="1.0" encoding="UTF-8"?>
<catalog>
    <feature>
        <name>ui-bb-currency-input-ng</name>
        <contextItemName>[BBHOST]</contextItemName>
        <properties>
            <property label="Title" name="title" viewHint="text-input,admin">
                <value type="string">Currency Input UI Component</value>
            </property>
            <property name="version" label="Version" readonly="true" viewHint="designModeOnly">
                <value type="string">1.3.20</value>
            </property>
            <property name="path" label="Path" readonly="true" viewHint="designModeOnly">
                <value type="string">$(itemRoot)/scripts/ui-bb-currency-input-ng.js</value>
            </property>
            <property name="feature.vendor-bb-angular" label="Feature Vendor Bb Angular" readonly="true" viewHint="">
                <value type="string">vendor-bb-angular</value>
            </property>
            <property name="feature.ui-bb-dropdown-select" label="Feature Ui Bb Dropdown Select" readonly="true" viewHint="">
                <value type="string">ui-bb-dropdown-select</value>
            </property>
            <property name="feature.lib-bb-currency-ng" label="Feature Lib Bb Currency Ng" readonly="true" viewHint="">
                <value type="string">lib-bb-currency-ng</value>
            </property>
        </properties>
    </feature>
</catalog>