<?xml version="1.0" encoding="UTF-8"?>
<catalog>
    <widget>
        <name>widget-bb-places-ng</name>
        <contextItemName>[BBHOST]</contextItemName>
        <properties>
            <property name="TemplateName">
                <value type="string">Standard_Widget</value>
            </property>
            <property label="Title" name="title" viewHint="text-input,admin">
                <value type="string">Places</value>
            </property>
            <property name="src">
                <value type="string">$(itemRoot)/index.html</value>
            </property>
            <property name="thumbnailUrl">
                <value type="string">$(itemRoot)/assets/icon.png</value>
            </property>
            <property name="extension" label="Extension name" viewHint="text-input,admin">
                <value type="string">ext-bb-places-ng</value>
            </property>
            <property name="version" label="Version" readonly="true" viewHint="text-input,admin,designModeOnly">
                <value type="string">1.0.39</value>
            </property>
            <property label="API URL for a map" name="mapApiUrl" viewHint="text-input,admin,designModeOnly">
                <value type="string">http://maps.googleapis.com/maps/api</value>
            </property>
            <property label="API Key" name="apiKey" viewHint="text-input,admin,designModeOnly">
                <value type="string"/>
            </property>
            <property label="Default zoom value for a map" name="mapZoom" viewHint="text-input,admin,designModeOnly">
                <value type="double">15</value>
            </property>
            <property label="Latitude" name="latitude" viewHint="text-input,admin,designModeOnly">
                <value type="double">52.3760992</value>
            </property>
            <property label="Longitude" name="longitude" viewHint="text-input,admin,designModeOnly">
                <value type="double">4.900779</value>
            </property>
            <property label="Radius in km to filter list view" name="placesFilterRadius" viewHint="text-input,admin,designModeOnly">
                <value type="double">2</value>
            </property>
            <property label="Maximum amount of locations to display" name="limitList" viewHint="text-input,admin,designModeOnly">
                <value type="double">500</value>
            </property>
        </properties>
    </widget>
</catalog>