<?xml version="1.0" encoding="UTF-8"?>
<catalog>
    <widget>
        <name>widget-bb-income-spending-analysis-category-ng</name>
        <contextItemName>[BBHOST]</contextItemName>
        <properties>
            <property name="TemplateName">
                <value type="string">Standard_Widget</value>
            </property>
            <property label="Title" name="title" viewHint="text-input,admin">
                <value type="string">Income and Spending analysis by category</value>
            </property>
            <property label="Analysis type" name="analysisIndicator" viewHint="select-one,admin,designModeOnly">
                <value type="string">DBIT</value>
            </property>
            <property label="Cache products" name="getProductsFromStorage" viewHint="checkbox,admin">
                <value type="boolean">true</value>
            </property>
            <property label="First product as default" name="useFirstProductAsDefault" viewHint="checkbox,admin">
                <value type="boolean">true</value>
            </property>
            <property name="multipleAccounts" label="Multiple accounts enabled" viewHint="checkbox,admin">
                <value type="boolean">false</value>
            </property>
            <property name="src">
                <value type="string">$(itemRoot)/index.html</value>
            </property>
            <property name="thumbnailUrl">
                <value type="string">$(itemRoot)/assets/icon.png</value>
            </property>
            <property name="extension" viewHint="text-input,admin">
                <value type="string">ext-bb-income-spending-analysis-category-ng</value>
            </property>
            <property name="version" label="Version" readonly="true" viewHint="text-input,admin,designModeOnly">
                <value type="string">3.1.5</value>
            </property>
            <property name="options">
                <value>$(itemRoot)/options.json</value>
            </property>
        </properties>
    </widget>
</catalog>