<?xml version="1.0" encoding="UTF-8"?>
<catalog>
    <feature>
        <name>vendor-bb-uib-datepicker</name>
        <contextItemName>[BBHOST]</contextItemName>
        <properties>
            <property name="title" label="Title" viewHint="admin,designModeOnly">
                <value type="string">Bootstrap UI Datepicker</value>
            </property>
            <property name="version" label="Version" viewHint="admin,designModeOnly">
                <value type="string">1.3.3-bb.3</value>
            </property>
            <property name="path" label="Path" readonly="true" viewHint="designModeOnly">
                <value type="string">$(itemRoot)/scripts/vendor-bb-uib-datepicker.js</value>
            </property>
            <property name="feature.vendor-bb-angular" label="Feature Vendor Bb Angular" readonly="true" viewHint="">
                <value type="string">vendor-bb-angular</value>
            </property>
            <property name="feature.vendor-bb-uib-dateparser" label="Feature Vendor Bb Uib Dateparser" readonly="true" viewHint="">
                <value type="string">vendor-bb-uib-dateparser</value>
            </property>
            <property name="feature.vendor-bb-uib-is-class" label="Feature Vendor Bb Uib Is Class" readonly="true" viewHint="">
                <value type="string">vendor-bb-uib-is-class</value>
            </property>
        </properties>
    </feature>
</catalog>