<?xml version="1.0" encoding="UTF-8"?>
<catalog>
    <feature>
        <name>model-bb-action-recipes-ng</name>
        <contextItemName>[BBHOST]</contextItemName>
        <properties>
            <property name="version" label="Version" readonly="true" viewHint="text-input,admin,designModeOnly">
                <value type="string">2.1.8</value>
            </property>
            <property name="title" label="Title" readonly="true" viewHint="admin,designModeOnly">
                <value type="string">model-bb-action-recipes-ng</value>
            </property>
            <property name="path" label="Path" readonly="true" viewHint="designModeOnly">
                <value type="string">$(itemRoot)/scripts/model-bb-action-recipes-ng.js</value>
            </property>
            <property name="feature.vendor-bb-angular" label="Feature Vendor Bb Angular" readonly="true" viewHint="">
                <value type="string">vendor-bb-angular</value>
            </property>
            <property name="feature.data-bb-action-recipes-http-ng" label="Feature Data Bb Action Recipes Http Ng" readonly="true" viewHint="">
                <value type="string">data-bb-action-recipes-http-ng</value>
            </property>
            <property name="feature.data-bb-product-summary-http-ng" label="Feature Data Bb Product Summary Http Ng" readonly="true" viewHint="">
                <value type="string">data-bb-product-summary-http-ng</value>
            </property>
            <property name="feature.lib-bb-model-errors" label="Feature Lib Bb Model Errors" readonly="true" viewHint="">
                <value type="string">lib-bb-model-errors</value>
            </property>
        </properties>
    </feature>
</catalog>