<?xml version="1.0" encoding="UTF-8"?>
<catalog>
    <feature>
        <name>lib-bb-start-ng</name>
        <contextItemName>[BBHOST]</contextItemName>
        <properties>
            <property name="version" label="Version" readonly="true" viewHint="designModeOnly">
                <value type="string">1.11.35</value>
            </property>
            <property name="feature.config-bb-providers-ng" label="Feature Config Bb Providers Ng" readonly="true" viewHint="">
                <value type="string">config-bb-providers-ng</value>
            </property>
            <property name="title" label="Title" readonly="true" viewHint="admin,designModeOnly">
                <value type="string">lib-bb-start-ng</value>
            </property>
            <property name="path" label="Path" readonly="true" viewHint="designModeOnly">
                <value type="string">$(itemRoot)/scripts/lib-bb-start-ng.js</value>
            </property>
            <property name="feature.vendor-bb-angular" label="Feature Vendor Bb Angular" readonly="true" viewHint="">
                <value type="string">vendor-bb-angular</value>
            </property>
            <property name="feature.lib-bb-widget-ng" label="Feature Lib Bb Widget Ng" readonly="true" viewHint="">
                <value type="string">lib-bb-widget-ng</value>
            </property>
            <property name="feature.lib-bb-event-bus-ng" label="Feature Lib Bb Event Bus Ng" readonly="true" viewHint="">
                <value type="string">lib-bb-event-bus-ng</value>
            </property>
            <property name="feature.lib-bb-widget-extension-ng" label="Feature Lib Bb Widget Extension Ng" readonly="true" viewHint="">
                <value type="string">lib-bb-widget-extension-ng</value>
            </property>
            <property name="feature.lib-bb-state-container-ng" label="Feature Lib Bb State Container Ng" readonly="true" viewHint="">
                <value type="string">lib-bb-state-container-ng</value>
            </property>
            <property name="feature.lib-bb-storage" label="Feature Lib Bb Storage" readonly="true" viewHint="">
                <value type="string">lib-bb-storage</value>
            </property>
            <property name="feature.lib-bb-widget" label="Feature Lib Bb Widget" readonly="true" viewHint="">
                <value type="string">lib-bb-widget</value>
            </property>
            <property name="feature.lib-bb-i18n-ng" label="Feature Lib Bb I 18 N Ng" readonly="true" viewHint="">
                <value type="string">lib-bb-i18n-ng</value>
            </property>
            <property name="feature.config-bb-locale" label="Feature Config Bb Locale" readonly="true" viewHint="">
                <value type="string">config-bb-locale</value>
            </property>
            <property name="feature.lib-bb-extension-helpers-ng" label="Feature Lib Bb Extension Helpers Ng" readonly="true" viewHint="">
                <value type="string">lib-bb-extension-helpers-ng</value>
            </property>
            <property name="feature.lib-bb-extension-events-ng" label="Feature Lib Bb Extension Events Ng" readonly="true" viewHint="">
                <value type="string">lib-bb-extension-events-ng</value>
            </property>
        </properties>
    </feature>
</catalog>