<?xml version="1.0" encoding="UTF-8"?>
<catalog>
    <feature>
        <name>ui-bb-empty-state-ng</name>
        <contextItemName>[BBHOST]</contextItemName>
        <properties>
            <property name="version" label="Version" readonly="true" viewHint="text-input,admin,designModeOnly">
                <value type="string">1.0.130</value>
            </property>
            <property name="title" label="Title" readonly="true" viewHint="admin,designModeOnly">
                <value type="string">ui-bb-empty-state-ng</value>
            </property>
            <property name="path" label="Path" readonly="true" viewHint="designModeOnly">
                <value type="string">$(itemRoot)/scripts/ui-bb-empty-state-ng.js</value>
            </property>
            <property name="feature.vendor-bb-angular" label="Feature Vendor Bb Angular" readonly="true" viewHint="">
                <value type="string">vendor-bb-angular</value>
            </property>
            <property name="feature.vendor-bb-angular-sanitize" label="Feature Vendor Bb Angular Sanitize" readonly="true" viewHint="">
                <value type="string">vendor-bb-angular-sanitize</value>
            </property>
        </properties>
    </feature>
</catalog>