<?xml version="1.0" encoding="UTF-8"?>
<catalog>
    <widget>
        <name>widget-bb-user-menu-ng</name>
        <contextItemName>[BBHOST]</contextItemName>
        <properties>
            <property name="TemplateName">
                <value type="string">Standard_Widget</value>
            </property>
            <property label="Title" name="title" viewHint="text-input,admin">
                <value type="string">User Menu</value>
            </property>
            <property name="src">
                <value type="string">$(itemRoot)/index.html</value>
            </property>
            <property name="thumbnailUrl">
                <value type="string">$(itemRoot)/assets/icon.png</value>
            </property>
            <property name="extension" viewHint="text-input,admin">
                <value type="string">ext-bb-user-menu-ng</value>
            </property>
            <property name="logoutRedirectPage" label="Landing page after successful logout" viewHint="text-input,admin">
                <value type="string">login</value>
            </property>
            <property name="userDataUrl" label="User data URL" viewHint="text-input,admin">
                <value type="string"/>
            </property>
            <property name="version" label="Version" readonly="true" viewHint="text-input,admin,designModeOnly">
                <value type="string">5.0.20</value>
            </property>
        </properties>
    </widget>
</catalog>