<?xml version="1.0" encoding="UTF-8"?>
<catalog>
    <widget>
        <name>widget-bb-contact-ng</name>
        <contextItemName>[BBHOST]</contextItemName>
        <properties>
            <property name="TemplateName">
                <value type="string">Standard_Widget</value>
            </property>
            <property name="title" label="Title" viewHint="text-input,admin">
                <value type="string">Contact Manager</value>
            </property>
            <property name="src">
                <value type="string">$(itemRoot)/index.html</value>
            </property>
            <property name="thumbnailUrl">
                <value type="string">$(itemRoot)/assets/icon.png</value>
            </property>
            <property name="showAvatar" label="Display avatars" viewHint="text-input,manager">
                <value type="boolean">true</value>
            </property>
            <property name="bb.ext-bbm-contact-form-ng.newContact" label="Enable the creation of new contacts" viewHint="text-input,admin,manager">
                <value type="boolean">false</value>
            </property>
            <property name="bb.contact.pageSize" label="Number of contacts per page" viewHint="text-input,manager">
                <value type="string">50</value>
            </property>
            <property label="Max. number of navigation pages" name="bb.contact.maxNavPages" viewHint="text-input,admin">
                <value type="long">3</value>
            </property>
            <property label="Pagination type (pagination, load-more)" name="bb.contact.paginationType" viewHint="text-input,admin">
                <value type="string">pagination</value>
            </property>
            <property name="bb.contact.notificationDismissTime" label="Number of seconds to dismiss the notification" viewHint="text-input,manager">
                <value type="string">3</value>
            </property>
            <property name="bb.contact.groupName" label="Group to listen and or/trigger bus events; if empty, events are treated as global" viewHint="text-input,manager">
                <value type="string"/>
            </property>
            <property name="intents" viewHint="text-input,admin">
                <value type="string">go.contact.create</value>
            </property>
            <property name="extension" label="Extension name" viewHint="text-input,manager">
                <value type="string">ext-bb-contact-list-ng</value>
            </property>
            <property name="version" label="Version" readonly="true" viewHint="designModeOnly">
                <value type="string">2.3.56</value>
            </property>
            <property name="path" label="Path" readonly="true" viewHint="designModeOnly">
                <value type="string">$(itemRoot)/scripts/widget-bb-contact-ng.js</value>
            </property>
            <property name="feature.vendor-bb-angular" label="Feature Vendor Bb Angular" readonly="true" viewHint="">
                <value type="string">vendor-bb-angular</value>
            </property>
            <property name="feature.lib-bb-widget-ng" label="Feature Lib Bb Widget Ng" readonly="true" viewHint="">
                <value type="string">lib-bb-widget-ng</value>
            </property>
            <property name="feature.lib-bb-model-errors" label="Feature Lib Bb Model Errors" readonly="true" viewHint="">
                <value type="string">lib-bb-model-errors</value>
            </property>
            <property name="feature.lib-bb-widget-extension-ng" label="Feature Lib Bb Widget Extension Ng" readonly="true" viewHint="">
                <value type="string">lib-bb-widget-extension-ng</value>
            </property>
            <property name="feature.model-bb-contact-ng" label="Feature Model Bb Contact Ng" readonly="true" viewHint="">
                <value type="string">model-bb-contact-ng</value>
            </property>
            <property name="feature.lib-bb-event-bus-ng" label="Feature Lib Bb Event Bus Ng" readonly="true" viewHint="">
                <value type="string">lib-bb-event-bus-ng</value>
            </property>
            <property name="feature.lib-bb-intent-ng" label="Feature Lib Bb Intent Ng" readonly="true" viewHint="">
                <value type="string">lib-bb-intent-ng</value>
            </property>
            <property name="feature.lib-bb-permissions-ng" label="Feature Lib Bb Permissions Ng" readonly="true" viewHint="">
                <value type="string">lib-bb-permissions-ng</value>
            </property>
            <property name="feature.ext-bb-contact-list-ng" label="Feature Ext Bb Contact List Ng" readonly="true" viewHint="">
                <value type="string">ext-bb-contact-list-ng</value>
            </property>
            <property name="feature.vendor-bb-systemjs" label="Feature Vendor Bb Systemjs" readonly="true" viewHint="">
                <value type="string">vendor-bb-systemjs</value>
            </property>
            <property name="feature.config-bb-module-loader" label="Feature Config Bb Module Loader" readonly="true" viewHint="">
                <value type="string">config-bb-module-loader</value>
            </property>
            <property name="feature.lib-bb-start" label="Feature Lib Bb Start" readonly="true" viewHint="">
                <value type="string">lib-bb-start</value>
            </property>
        </properties>
    </widget>
</catalog>