{
  "en-US": {
    "message.personalProfile.email.delete.start": "Deleting email",
    "message.personalProfile.email.delete.done": "Email successfully deleted",
    "message.personalProfile.email.delete.failed": "Unable to delete the email, please try again",

    "message.personalProfile.email.create.start": "Creating email",
    "message.personalProfile.email.create.done": "Email successfully created",
    "message.personalProfile.email.create.failed": "Unable to create the email, please try again",

    "message.personalProfile.email.edit.start": "Editing email",
    "message.personalProfile.email.edit.done": "Email successfully edited",
    "message.personalProfile.email.edit.failed": "Unable to edit the email, please try again",

    "message.personalProfile.email.delete.confirm.title": "Delete",
    "message.personalProfile.email.delete.confirm.message": "Are you sure you want to delete this emain?",
    "message.personalProfile.email.delete.confirm.button.ok": "OK",
    "message.personalProfile.email.delete.confirm.button.cancel": "Cancel",

    "form.label.email": "Email",
    "form.label.primaryEmail": "Primary Email",
    "form.label.saveChanges": "Save",

    "form.placeholder.email": "example@email.com",
    
    "errors.invalidEmail": "Please input a valid email",
    "errors.requiredEmail": "Please input an email"
  }
}
