<?xml version="1.0" encoding="UTF-8"?>
<catalog>
    <feature>
        <name>ui-training-appointments-list-ng</name>
        <contextItemName>[BBHOST]</contextItemName>
        <properties>
            <property label="Version" name="version" viewHint="text-input,admin,designModeOnly">
                <value type="string">0.1.0-alpha.0</value>
            </property>
            <property name="title" label="Title" readonly="true" viewHint="admin,designModeOnly">
                <value type="string">ui-training-appointments-list-ng</value>
            </property>
            <property name="path" label="Path" readonly="true" viewHint="designModeOnly">
                <value type="string">$(itemRoot)/scripts/ui-training-appointments-list-ng.js</value>
            </property>
            <property name="feature.vendor-bb-angular" label="Feature Vendor Bb Angular" readonly="true" viewHint="">
                <value type="string">vendor-bb-angular</value>
            </property>
        </properties>
    </feature>
</catalog>