{
  "en-US": {
    "label.compose": "Compose",
    "label.openNewDraft": "Open new draft",

    "ui-bb-draft-ng.label.close": "Close",
    "ui-bb-draft-ng.label.send": "Send",
    "ui-bb-draft-ng.label.remove": "Remove",
    "ui-bb-draft-ng.label.toggleImportance": "Toggle importance",
    "ui-bb-draft-ng.form.header": "New message",
    "ui-bb-draft-ng.form.subject": "Subject",
    "ui-bb-draft-ng.form.topic": "Topic",
    "ui-bb-draft-ng.form.message": "Message",
    "ui-bb-draft-ng.form.send": "Send",
    "ui-bb-draft-ng.error.send": "Unable to send the message. Please try again later."
  }
}
