<?xml version="1.0" encoding="UTF-8"?>
<catalog>
    <widget>
        <name>widget-bb-initiate-payment-ng</name>
        <contextItemName>[BBHOST]</contextItemName>
        <properties>
            <property name="TemplateName">
                <value type="string">Standard_Widget</value>
            </property>
            <property label="Title" name="title" viewHint="text-input,admin">
                <value type="string">Initiate Payment</value>
            </property>
            <property name="src">
                <value type="string">$(itemRoot)/index.html</value>
            </property>
            <property name="thumbnailUrl">
                <value type="string">$(itemRoot)/assets/icon.png</value>
            </property>
            <property name="extension" viewHint="text-input,admin">
                <value type="string">ext-bb-initiate-payment-ng</value>
            </property>
            <property name="version" label="Version" readonly="true" viewHint="text-input,admin,designModeOnly">
                <value type="string">1.7.37</value>
            </property>
            <property label="Display cross-currency information" name="bb.payment.show.exchange" viewHint="checkbox,admin">
                <value type="boolean">true</value>
            </property>
            <property name="bb.payment.urgent" label="Urgent payments enabled" readonly="false" viewHint="checkbox,admin">
                <value type="boolean">false</value>
            </property>
            <property label="Re-occurring payment orders" name="bb.payment.recurring" viewHint="checkbox,admin">
                <value type="boolean">true</value>
            </property>
        </properties>
    </widget>
</catalog>