{
  "en-US": {
    "turnovers.label.date": "Date",
    "turnovers.label.incoming": "Incoming",
    "turnovers.label.outgoing": "Outgoing",
    "turnovers.label.difference": "Difference",

    "form.product.selected.placeholder": "Select account",

    "turnovers.label.duration.month.six": "Last 6 months",
    "turnovers.label.duration.month.twelve": "Last 12 months",

    "turnovers.label.empty.dataset.title": "No transactions found",
    "turnovers.label.empty.dataset.subtitle": "Please select a different period or product",
    "turnovers.label.no.products.title": "No products supported",
    "turnovers.label.no.products.subtitle": "There are no products supporting Incoming/Outgoing transactions",

    "error.load.auth": "You are not authorized to perform this action",
    "error.load.connectivity": "There was a connection problem, please try again",
    "error.load.user": "There is a problem with the action you are trying to perform",
    "error.load.params": "Data could not be obtained, as some required parameters were missing",
    "error.load.unexpected": "An unexpected error occurred while performing this action",

    "message.label.loading": "Loading",
  }
}
