<?xml version="1.0" encoding="UTF-8"?>
<catalog>
    <feature>
        <name>model-training-login-ng</name>
        <contextItemName>[BBHOST]</contextItemName>
        <properties>
            <property label="Version" name="version" viewHint="text-input,admin,designModeOnly">
                <value type="string">0.1.0-alpha.0</value>
            </property>
            <property name="title" label="Title" readonly="true" viewHint="admin,designModeOnly">
                <value type="string">model-training-login-ng</value>
            </property>
            <property name="path" label="Path" readonly="true" viewHint="designModeOnly">
                <value type="string">$(itemRoot)/scripts/model-training-login-ng.js</value>
            </property>
            <property name="feature.vendor-bb-angular" label="Feature Vendor Bb Angular" readonly="true" viewHint="">
                <value type="string">vendor-bb-angular</value>
            </property>
            <property name="feature.data-bb-backbase-demo-login-http-ng" label="Feature Data Bb Backbase Demo Login Http Ng" readonly="true" viewHint="">
                <value type="string">data-bb-backbase-demo-login-http-ng</value>
            </property>
        </properties>
    </feature>
</catalog>