<?xml version="1.0" encoding="UTF-8"?>
<catalog>
    <feature>
        <name>vendor-bb-pell</name>
        <contextItemName>[BBHOST]</contextItemName>
        <properties>
            <property name="title" label="Title" viewHint="admin,designModeOnly">
                <value type="string">Pell</value>
            </property>
            <property name="version" label="Version" readonly="true" viewHint="admin,designModeOnly">
                <value type="string">0.7.18</value>
            </property>
            <property name="path" label="Path" readonly="true" viewHint="designModeOnly">
                <value type="string">$(itemRoot)/scripts/vendor-bb-pell.js</value>
            </property>
        </properties>
    </feature>
</catalog>