<?xml version="1.0" encoding="UTF-8"?>
<catalog>
    <feature>
        <name>ext-bb-initiate-payment-ng</name>
        <contextItemName>[BBHOST]</contextItemName>
        <properties>
            <property label="Title" name="title" viewHint="text-input,admin">
                <value type="string">Initiate Payment Extension</value>
            </property>
            <property name="version" label="Version" readonly="true" viewHint="text-input,admin,designModeOnly">
                <value type="string">2.2.15</value>
            </property>
        </properties>
    </feature>
</catalog>