<?xml version="1.0" encoding="UTF-8"?>
<catalog>
    <widget>
        <name>widget-bb-notification-badge-ng</name>
        <contextItemName>[BBHOST]</contextItemName>
        <properties>
            <property name="TemplateName">
                <value type="string">Standard_Widget</value>
            </property>
            <property label="Title" name="title" viewHint="text-input,admin">
                <value type="string">Widget Notification Badge</value>
            </property>
            <property name="thumbnailUrl">
                <value type="string">$(itemRoot)/assets/icon.png</value>
            </property>
            <property name="src">
                <value type="string">$(itemRoot)/index.html</value>
            </property>
            <property name="extension" label="Extension name" viewHint="text-input,admin">
                <value type="string">ext-bb-notification-badge-ng</value>
            </property>
            <property label="Polling interval (ms)" name="pollingInterval" viewHint="text-input,admin">
                <value type="long">0</value>
            </property>
            <property label="Show counter on badge" name="badgeCounter" viewHint="checkbox,admin">
                <value type="string">true</value>
            </property>
            <property label="Notifications per page in popover" name="bb.notification.pageSize" viewHint="text-input,admin">
                <value type="long">15</value>
            </property>
            <property label="Notifications per page in popover (DEPRECATED)" name="itemsPerPage" viewHint="text-input,admin">
                <value type="long">0</value>
            </property>
            <property name="version" label="Version" readonly="true" viewHint="text-input,admin,designModeOnly">
                <value type="string">2.4.61</value>
            </property>
        </properties>
    </widget>
</catalog>