<?xml version="1.0" encoding="UTF-8"?>
<catalog>
    <feature>
        <name>theme-bb-retail</name>
        <contextItemName>[BBHOST]</contextItemName>
        <properties>
            <property label="Title" name="title" viewHint="text-input,admin">
                <value type="string">Theme for Retail Banking Collection</value>
            </property>
            <property name="version" label="Version" readonly="true" viewHint="text-input,admin,designModeOnly">
                <value type="string">2.6.48</value>
            </property>
            <property label="Path" name="path" viewHint="">
                <value type="string">styles/index.scss</value>
            </property>
        </properties>
    </feature>
</catalog>