{
  "en-US": {
    "budget.loading.failed": "There was a problem fetching Budget items.",
    "budget.state.loading": "Loading...",
    "budget.state.empty.title": "No Budgets",
    "budget.state.empty.text": "You don't have any budgets to display yet. Try adding new budget using \"New Budget\" button.",

    "budget.list.title": "Budgets",

    "budget.create.label": "New Budget",
    "budget.create.label.short": "New",
    "budget.update.label": "Update Budget",
    "budget.update.action.label": "Edit",
    "budget.delete.action.label": "Delete",

    "budget.form.step.label": "Step",
    "budget.form.step.of.label": "of",
    "budget.form.step.button.previous": "Previous",
    "budget.form.step.button.next": "Next",
    "budget.form.step.button.cancel": "Cancel",
    "budget.form.step.button.close": "Close",
    "budget.form.step.button.create": "Create",
    "budget.form.step.button.update": "Save",

    "budget.form.step.category.header": "Which expense category you want to follow?",
    "budget.form.step.category.name": "Select a category",
    "budget.form.step.amount.name": "Set a limit",
    "budget.form.step.amount.title": "Limit ({currency})",

    "budget.form.category.label": "Category",
    "budget.form.period.label": "Budget period",

    "budget.form.discard.confirmation.title": "Discard changes?",
    "budget.form.discard.confirmation.message": "Are you sure that you want to exit editing mode and discard all changes?",
    "budget.form.confirmation.button.label": "Discard",
    "budget.form.delete.confirmation.title": "Delete Budget",
    "budget.form.delete.confirmation.message": "Are you sure that you would like to delete this budget?",

    "budget.messages.limit": "Budget limit:",
    "budget.messages.spent": "Spent:",
    "budget.messages.left": "Left",
    "budget.messages.over": "Over",

    "budget.errors.limit.insufficient": "Budget limit must be greater then 0",
    "budget.errors.category.empty": "Budget should have at least one category",

    "budget.model.create.success": "New budget is created",
    "budget.model.update.success": "Budget is updated",
    "budget.model.delete.success": "Budget {budgetName} is deleted",

    "budget.model.error.auth": "You are not authorized to perform this action",
    "budget.model.error.connectivity": "There was a connection problem, please try again",
    "budget.model.error.user": "There is a problem with the action you are trying to perform",
    "budget.model.error.unexpected": "An unexpected error occurred while performing this action"
  }
}
