<?xml version="1.0" encoding="UTF-8"?>
<catalog>
    <feature>
        <name>ext-bbm-initiate-payment-schedule-ng</name>
        <contextItemName>[BBHOST]</contextItemName>
        <properties>
            <property name="version" label="Version" readonly="true" viewHint="designModeOnly">
                <value type="string">1.0.112</value>
            </property>
            <property name="title" label="Title" readonly="true" viewHint="admin,designModeOnly">
                <value type="string">ext-bbm-initiate-payment-schedule-ng</value>
            </property>
            <property name="path" label="Path" readonly="true" viewHint="designModeOnly">
                <value type="string">$(itemRoot)/scripts/ext-bbm-initiate-payment-schedule-ng.js</value>
            </property>
            <property name="feature.ui-bb-i18n-ng" label="Feature Ui Bb I 18 N Ng" readonly="true" viewHint="">
                <value type="string">ui-bb-i18n-ng</value>
            </property>
            <property name="feature.ui-bb-date-label-filter-ng" label="Feature Ui Bb Date Label Filter Ng" readonly="true" viewHint="">
                <value type="string">ui-bb-date-label-filter-ng</value>
            </property>
            <property name="feature.ui-bbm-textfield-ng" label="Feature Ui Bbm Textfield Ng" readonly="true" viewHint="">
                <value type="string">ui-bbm-textfield-ng</value>
            </property>
            <property name="feature.lib-bbm-plugins" label="Feature Lib Bbm Plugins" readonly="true" viewHint="">
                <value type="string">lib-bbm-plugins</value>
            </property>
            <property name="feature.ui-bbm-datepicker-ng" label="Feature Ui Bbm Datepicker Ng" readonly="true" viewHint="">
                <value type="string">ui-bbm-datepicker-ng</value>
            </property>
            <property name="feature.ui-bbm-dropdown-ng" label="Feature Ui Bbm Dropdown Ng" readonly="true" viewHint="">
                <value type="string">ui-bbm-dropdown-ng</value>
            </property>
        </properties>
    </feature>
</catalog>