<?xml version="1.0" encoding="UTF-8"?>
<catalog>
    <widget>
        <name>widget-bb-budget-ng</name>
        <contextItemName>[BBHOST]</contextItemName>
        <properties>
            <property name="TemplateName">
                <value type="string">Standard_Widget</value>
            </property>
            <property label="Title" name="title" viewHint="text-input,admin">
                <value type="string">Budget</value>
            </property>
            <property name="src">
                <value type="string">$(itemRoot)/index.html</value>
            </property>
            <property name="thumbnailUrl">
                <value type="string">$(itemRoot)/assets/icon.png</value>
            </property>
            <property name="extension" viewHint="text-input,admin">
                <value type="string">ext-bb-budget-ng</value>
            </property>
            <property name="budgetCard.fillDirection" label="Use clockwise bar direction" viewHint="checkbox,admin">
                <value type="boolean">false</value>
            </property>
            <property name="budgetCard.percentage" label="Show budget values as percentages" viewHint="text-input,admin">
                <value type="boolean">false</value>
            </property>
            <property name="budgetCard.safeZoneLimit" label="Limit for the safe (green) zone" viewHint="text-input,admin">
                <value type="string">80</value>
            </property>
            <property name="version" label="Version" readonly="true" viewHint="text-input,admin,designModeOnly">
                <value type="string">1.1.4</value>
            </property>
        </properties>
    </widget>
</catalog>