<?xml version="1.0" encoding="UTF-8"?>
<catalog>
    <widget>
        <name>widget-bbm-initiate-payment-ng</name>
        <contextItemName>[BBHOST]</contextItemName>
        <properties>
            <property name="TemplateName">
                <value type="string">Standard_Widget</value>
            </property>
            <property name="title" label="Title" viewHint="text-input,admin">
                <value type="string">Mobile Initiate Payment widget</value>
            </property>
            <property name="src">
                <value type="string">$(itemRoot)/index.html</value>
            </property>
            <property name="thumbnailUrl">
                <value type="string">$(itemRoot)/assets/icon.png</value>
            </property>
            <property name="extension" label="Extension name" viewHint="text-input,admin">
                <value type="string">ext-bbm-initiate-payment-form-ng</value>
            </property>
            <property name="bb.payment.description.REGEX" label="Pattern for the description" viewHint="text-input,admin">
                <value type="string"/>
            </property>
            <property name="bb.payment.review.step" label="Show review step" viewHint="text-input,admin">
                <value type="boolean">true</value>
            </property>
            <property name="bb.payment.show.pin" label="Show pin authorization step" viewHint="text-input,admin">
                <value type="boolean">false</value>
            </property>
            <property label="Recurring payment orders" name="bb.payment.recurring" viewHint="checkbox,admin">
                <value type="boolean">true</value>
            </property>
            <property name="bb.payment.urgent" label="Urgent payment" readonly="false" viewHint="checkbox,admin">
                <value type="boolean">false</value>
            </property>
            <property name="intents" viewHint="text-input,admin">
                <value type="string">intent.bb.paymentOrder.payment.initiate,view.payment.account.select,view.payment.form.show,view.payment.review.show,view.payment.schedule.select</value>
            </property>
            <property name="version" label="Version" readonly="true" viewHint="designModeOnly">
                <value type="string">1.1.44</value>
            </property>
            <property name="path" label="Path" readonly="true" viewHint="designModeOnly">
                <value type="string">$(itemRoot)/scripts/widget-bbm-initiate-payment-ng.js</value>
            </property>
            <property name="feature.vendor-bb-angular" label="Feature Vendor Bb Angular" readonly="true" viewHint="">
                <value type="string">vendor-bb-angular</value>
            </property>
            <property name="feature.lib-bb-widget-ng" label="Feature Lib Bb Widget Ng" readonly="true" viewHint="">
                <value type="string">lib-bb-widget-ng</value>
            </property>
            <property name="feature.lib-bb-storage-ng" label="Feature Lib Bb Storage Ng" readonly="true" viewHint="">
                <value type="string">lib-bb-storage-ng</value>
            </property>
            <property name="feature.lib-bb-event-bus-ng" label="Feature Lib Bb Event Bus Ng" readonly="true" viewHint="">
                <value type="string">lib-bb-event-bus-ng</value>
            </property>
            <property name="feature.lib-bb-widget-extension-ng" label="Feature Lib Bb Widget Extension Ng" readonly="true" viewHint="">
                <value type="string">lib-bb-widget-extension-ng</value>
            </property>
            <property name="feature.lib-bb-intent-ng" label="Feature Lib Bb Intent Ng" readonly="true" viewHint="">
                <value type="string">lib-bb-intent-ng</value>
            </property>
            <property name="feature.model-bb-payment-orders-ng" label="Feature Model Bb Payment Orders Ng" readonly="true" viewHint="">
                <value type="string">model-bb-payment-orders-ng</value>
            </property>
            <property name="feature.ext-bbm-initiate-payment-form-ng" label="Feature Ext Bbm Initiate Payment Form Ng" readonly="true" viewHint="">
                <value type="string">ext-bbm-initiate-payment-form-ng</value>
            </property>
            <property name="feature.vendor-bb-systemjs" label="Feature Vendor Bb Systemjs" readonly="true" viewHint="">
                <value type="string">vendor-bb-systemjs</value>
            </property>
            <property name="feature.config-bb-module-loader" label="Feature Config Bb Module Loader" readonly="true" viewHint="">
                <value type="string">config-bb-module-loader</value>
            </property>
            <property name="feature.lib-bb-start" label="Feature Lib Bb Start" readonly="true" viewHint="">
                <value type="string">lib-bb-start</value>
            </property>
        </properties>
    </widget>
</catalog>