<?xml version="1.0" encoding="UTF-8"?>
<catalog>
    <feature>
        <name>theme-bb-default</name>
        <contextItemName>[BBHOST]</contextItemName>
        <properties>
            <property label="Title" name="title" viewHint="text-input,admin">
                <value type="string">Theme BB Default</value>
            </property>
            <property name="version" label="Version" readonly="true" viewHint="text-input,admin,designModeOnly">
                <value type="string">1.0.6</value>
            </property>
            <property name="path" label="Path" readonly="true" viewHint="designModeOnly">
                <value type="string">$(itemRoot)/scripts/theme-bb-default.js</value>
            </property>
        </properties>
    </feature>
</catalog>