<?xml version="1.0" encoding="UTF-8"?>
<catalog>
    <widget>
        <name>widget-bbm-notification-center-ng</name>
        <contextItemName>[BBHOST]</contextItemName>
        <properties>
            <property name="TemplateName">
                <value type="string">Standard_Widget</value>
            </property>
            <property label="Title" name="title" viewHint="text-input,admin">
                <value type="string">Mobile notification center widget</value>
            </property>
            <property name="thumbnailUrl">
                <value type="string">$(itemRoot)/assets/icon.png</value>
            </property>
            <property name="src">
                <value type="string">$(itemRoot)/index.html</value>
            </property>
            <property name="extension" viewHint="text-input,admin">
                <value type="string">ext-bbm-notification-center-list-ng</value>
            </property>
            <property label="Number of notifications per page" name="bb.notification.pageSize" viewHint="text-input,admin">
                <value type="long">10</value>
            </property>
            <property label="Polling Interval (ms)" name="pollingInterval" viewHint="text-input,admin">
                <value type="long">0</value>
            </property>
            <property name="version" label="Version" readonly="true" viewHint="text-input,admin,designModeOnly">
                <value type="string">1.0.50</value>
            </property>
            <property name="intents" viewHint="text-input,admin">
                <value type="string">intent.bb.notification.list.show,intent.bb.notification.details.show</value>
            </property>
        </properties>
    </widget>
</catalog>