<?xml version="1.0" encoding="UTF-8"?>
<catalog>
    <feature>
        <name>ext-bb-notification-badge-ng</name>
        <contextItemName>[BBHOST]</contextItemName>
        <properties>
            <property label="Title" name="title" viewHint="text-input,admin">
                <value type="string">Notification Badge Extension</value>
            </property>
            <property name="version" label="Version" readonly="true" viewHint="designModeOnly">
                <value type="string">2.2.28</value>
            </property>
        </properties>
    </feature>
</catalog>