<?xml version="1.0" encoding="UTF-8"?>
<catalog>
    <widget>
        <name>widget-bbm-product-details-ng</name>
        <contextItemName>[BBHOST]</contextItemName>
        <properties>
            <property name="TemplateName">
                <value type="string">Standard_Widget</value>
            </property>
            <property label="Title" name="title" viewHint="text-input,admin">
                <value type="string">Mobile product details widget</value>
            </property>
            <property name="thumbnailUrl">
                <value type="string">$(itemRoot)/assets/icon.png</value>
            </property>
            <property name="src">
                <value type="string">$(itemRoot)/index.html</value>
            </property>
            <property name="extension" viewHint="text-input,admin">
                <value type="string">ext-bbm-product-details-view-ng</value>
            </property>
            <property name="version" label="Version" readonly="true" viewHint="text-input,admin,designModeOnly">
                <value type="string">1.1.43</value>
            </property>
            <property name="intents" viewHint="text-input,admin">
                <value type="string">intent.bb.productDetails.view.show,intent.bb.productDetails.form.show</value>
            </property>
        </properties>
    </widget>
</catalog>