<?xml version="1.0" encoding="UTF-8"?>
<catalog>
    <feature>
        <name>lib-bb-view-model-ng</name>
        <contextItemName>[BBHOST]</contextItemName>
        <properties>
            <property name="version" label="Version" readonly="true" viewHint="designModeOnly">
                <value type="string">1.0.28</value>
            </property>
            <property name="title" label="Title" readonly="true" viewHint="admin,designModeOnly">
                <value type="string">lib-bb-view-model-ng</value>
            </property>
            <property name="path" label="Path" readonly="true" viewHint="designModeOnly">
                <value type="string">$(itemRoot)/scripts/lib-bb-view-model-ng.js</value>
            </property>
            <property name="feature.vendor-bb-angular" label="Feature Vendor Bb Angular" readonly="true" viewHint="">
                <value type="string">vendor-bb-angular</value>
            </property>
            <property name="feature.lib-bb-state-container" label="Feature Lib Bb State Container" readonly="true" viewHint="">
                <value type="string">lib-bb-state-container</value>
            </property>
        </properties>
    </feature>
</catalog>