<?xml version="1.0" encoding="UTF-8"?>
<catalog>
    <feature>
        <name>ext-bb-transaction-categories-ng</name>
        <contextItemName>[BBHOST]</contextItemName>
        <properties>
            <property name="version" label="Version" readonly="true" viewHint="text-input,admin,designModeOnly">
                <value type="string">1.1.4</value>
            </property>
            <property name="title" label="Title" readonly="true" viewHint="admin,designModeOnly">
                <value type="string">ext-bb-transaction-categories-ng</value>
            </property>
            <property name="path" label="Path" readonly="true" viewHint="designModeOnly">
                <value type="string">$(itemRoot)/scripts/ext-bb-transaction-categories-ng.js</value>
            </property>
            <property name="feature.vendor-bb-angular-ng-aria" label="Feature Vendor Bb Angular Ng Aria" readonly="true" viewHint="">
                <value type="string">vendor-bb-angular-ng-aria</value>
            </property>
            <property name="feature.ui-bb-loading-indicator-ng" label="Feature Ui Bb Loading Indicator Ng" readonly="true" viewHint="">
                <value type="string">ui-bb-loading-indicator-ng</value>
            </property>
            <property name="feature.ui-bb-modal-ng" label="Feature Ui Bb Modal Ng" readonly="true" viewHint="">
                <value type="string">ui-bb-modal-ng</value>
            </property>
            <property name="feature.ui-bb-format-amount" label="Feature Ui Bb Format Amount" readonly="true" viewHint="">
                <value type="string">ui-bb-format-amount</value>
            </property>
            <property name="feature.ui-bb-i18n-ng" label="Feature Ui Bb I 18 N Ng" readonly="true" viewHint="">
                <value type="string">ui-bb-i18n-ng</value>
            </property>
        </properties>
    </feature>
</catalog>