<?xml version="1.0" encoding="UTF-8"?>
<catalog>
    <feature>
        <name>ui-bb-notifications-filter-ng</name>
        <contextItemName>[BBHOST]</contextItemName>
        <properties>
            <property label="Title" name="title" viewHint="text-input,admin">
                <value type="string">Notification filter UI Component</value>
            </property>
            <property name="version" label="Version" readonly="true" viewHint="designModeOnly">
                <value type="string">1.1.60</value>
            </property>
            <property name="path" label="Path" readonly="true" viewHint="designModeOnly">
                <value type="string">$(itemRoot)/scripts/ui-bb-notifications-filter-ng.js</value>
            </property>
            <property name="feature.vendor-bb-angular" label="Feature Vendor Bb Angular" readonly="true" viewHint="">
                <value type="string">vendor-bb-angular</value>
            </property>
            <property name="feature.ui-bb-calendar-popup-ng" label="Feature Ui Bb Calendar Popup Ng" readonly="true" viewHint="">
                <value type="string">ui-bb-calendar-popup-ng</value>
            </property>
            <property name="feature.ui-bb-track-form-changes-ng" label="Feature Ui Bb Track Form Changes Ng" readonly="true" viewHint="">
                <value type="string">ui-bb-track-form-changes-ng</value>
            </property>
        </properties>
    </feature>
</catalog>