<?xml version="1.0" encoding="UTF-8"?>
<catalog>
    <feature>
        <name>ui-bb-draft-edit-ng</name>
        <contextItemName>[BBHOST]</contextItemName>
        <properties>
            <property name="version" label="Version" readonly="true" viewHint="text-input,admin,designModeOnly">
                <value type="string">2.1.14</value>
            </property>
            <property name="title" label="Title" readonly="true" viewHint="admin,designModeOnly">
                <value type="string">ui-bb-draft-edit-ng</value>
            </property>
            <property name="path" label="Path" readonly="true" viewHint="designModeOnly">
                <value type="string">$(itemRoot)/scripts/ui-bb-draft-edit-ng.js</value>
            </property>
            <property name="feature.vendor-bb-angular" label="Feature Vendor Bb Angular" readonly="true" viewHint="">
                <value type="string">vendor-bb-angular</value>
            </property>
            <property name="feature.ui-bb-rich-text-editor-ng" label="Feature Ui Bb Rich Text Editor Ng" readonly="true" viewHint="">
                <value type="string">ui-bb-rich-text-editor-ng</value>
            </property>
        </properties>
    </feature>
</catalog>