{
  "en-US": {
    "label.productName": "Product Name",
    "label.accountNumber": "Account Number",
    "label.bookedBalance": "Booked Balance",
    "label.availableBalance": "Available Balance",
    "label.creditLimit": "Credit Limit",
    "label.accruedInterest": "Accrued Interest",
    "label.accountOpeningDate": "Activation Date",
    "label.externalTransferAllowed": "External Transfer",
    "label.principalAmount": "Principal Amount",

    "value.externalTransferAllowed.true": "Allowed",
    "value.externalTransferAllowed.false": "Not Allowed",

    "message.loading": "Loading the product details",
    "message.loading.failed.title": "Loading Failed",
    "message.loading.failed.body": "Something went wrong while loading your product. Please try again later.",

    "heading.productBalances": "Product Balances",
    "heading.additionalDetails": "Additional Details"
  }
}
