<?xml version="1.0" encoding="UTF-8"?>
<catalog>
    <feature>
        <name>vendor-bb-angular</name>
        <contextItemName>[BBHOST]</contextItemName>
        <properties>
            <property name="title" label="Title" viewHint="admin,designModeOnly">
                <value type="string">Angular</value>
            </property>
            <property name="version" label="Version" viewHint="admin,designModeOnly">
                <value type="string">1.5.8-bb.1</value>
            </property>
            <property name="path" label="Path" readonly="true" viewHint="designModeOnly">
                <value type="string">$(itemRoot)/scripts/vendor-bb-angular.js</value>
            </property>
        </properties>
    </feature>
</catalog>
