{
  "en-US": {
    "details.label.counterParty": "Counter party",
    "details.label.scheduledDate": "Scheduled date",
    "details.label.transactionReference": "Transaction Reference",
    "details.label.instructedCurrency": "Instructed currency",
    "details.label.currencyExchangeRate": "Currency exchange rate",
    "details.label.instructedAmount": "Instructed amount",
    "details.label.description": "Description",
    "details.label.date": "Date",
    "details.label.transactionType": "Transaction Type",
    "details.label.creditAmount": "Credit Amount",
    "details.label.debitAmount": "Debit Amount",
    "details.label.loadMore": "Load more",
    "details.label.category": "Category",
    "details.label.searchMore": "Load more search results",
    "details.label.allTransactionsLoaded": "All transactions have been loaded",

    "model.error.auth": "You are not authorized to perform this action",
    "model.error.connectivity": "There was a connection problem, please try again",
    "model.error.user": "There is a problem with the action you are trying to perform",
    "model.error.unexpected": "An unexpected error occurred while performing this action",

    "message.label.loading": "Loading",

    "transactions.label.no.products.title": "No products supported",
    "transactions.label.no.products.subtitle": "There are no products supporting Transactions",
    "transactions.label.empty.transactions.title": "No transactions found",
    "transactions.label.empty.transactions.subtitle": "Please select a different period or product",

    "date.label.now": "Now",
    "date.label.today": "Today",
    "date.label.yesterday": "Yesterday"
  }
}
