<?xml version="1.0" encoding="UTF-8"?>
<catalog>
    <feature>
        <name>ext-bb-transactions-list-ng</name>
        <contextItemName>[BBHOST]</contextItemName>
        <properties>
            <property name="version" label="Version" readonly="true" viewHint="text-input,admin,designModeOnly">
                <value type="string">1.2.23</value>
            </property>
            <property name="title" label="Title" readonly="true" viewHint="admin,designModeOnly">
                <value type="string">ext-bb-transactions-list-ng</value>
            </property>
            <property name="path" label="Path" readonly="true" viewHint="designModeOnly">
                <value type="string">$(itemRoot)/scripts/ext-bb-transactions-list-ng.js</value>
            </property>
            <property name="feature.vendor-bb-uib-accordion" label="Feature Vendor Bb Uib Accordion" readonly="true" viewHint="">
                <value type="string">vendor-bb-uib-accordion</value>
            </property>
            <property name="feature.ui-bb-format-amount" label="Feature Ui Bb Format Amount" readonly="true" viewHint="">
                <value type="string">ui-bb-format-amount</value>
            </property>
            <property name="feature.ui-bb-loading-indicator-ng" label="Feature Ui Bb Loading Indicator Ng" readonly="true" viewHint="">
                <value type="string">ui-bb-loading-indicator-ng</value>
            </property>
            <property name="feature.ui-bb-i18n-ng" label="Feature Ui Bb I 18 N Ng" readonly="true" viewHint="">
                <value type="string">ui-bb-i18n-ng</value>
            </property>
            <property name="feature.ui-bb-substitute-error-ng" label="Feature Ui Bb Substitute Error Ng" readonly="true" viewHint="">
                <value type="string">ui-bb-substitute-error-ng</value>
            </property>
            <property name="feature.vendor-bb-angular-ng-aria" label="Feature Vendor Bb Angular Ng Aria" readonly="true" viewHint="">
                <value type="string">vendor-bb-angular-ng-aria</value>
            </property>
            <property name="feature.ui-bb-load-more-ng" label="Feature Ui Bb Load More Ng" readonly="true" viewHint="">
                <value type="string">ui-bb-load-more-ng</value>
            </property>
            <property name="feature.ui-bb-date-label-filter-ng" label="Feature Ui Bb Date Label Filter Ng" readonly="true" viewHint="">
                <value type="string">ui-bb-date-label-filter-ng</value>
            </property>
            <property name="feature.ui-bb-empty-state-ng" label="Feature Ui Bb Empty State Ng" readonly="true" viewHint="">
                <value type="string">ui-bb-empty-state-ng</value>
            </property>
        </properties>
    </feature>
</catalog>