<?xml version="1.0" encoding="UTF-8"?>
<catalog>
    <feature>
        <name>model-bb-contact-ng</name>
        <contextItemName>[BBHOST]</contextItemName>
        <properties>
            <property name="version" label="Version" readonly="true" viewHint="designModeOnly">
                <value type="string">4.1.80</value>
            </property>
            <property name="title" label="Title" readonly="true" viewHint="admin,designModeOnly">
                <value type="string">model-bb-contact-ng</value>
            </property>
            <property name="path" label="Path" readonly="true" viewHint="designModeOnly">
                <value type="string">$(itemRoot)/scripts/model-bb-contact-ng.js</value>
            </property>
            <property name="feature.vendor-bb-angular" label="Feature Vendor Bb Angular" readonly="true" viewHint="">
                <value type="string">vendor-bb-angular</value>
            </property>
            <property name="feature.lib-bb-widget-ng" label="Feature Lib Bb Widget Ng" readonly="true" viewHint="">
                <value type="string">lib-bb-widget-ng</value>
            </property>
            <property name="feature.data-bb-contact-http-ng" label="Feature Data Bb Contact Http Ng" readonly="true" viewHint="">
                <value type="string">data-bb-contact-http-ng</value>
            </property>
            <property name="feature.lib-bb-storage-ng" label="Feature Lib Bb Storage Ng" readonly="true" viewHint="">
                <value type="string">lib-bb-storage-ng</value>
            </property>
            <property name="feature.lib-bb-model-errors" label="Feature Lib Bb Model Errors" readonly="true" viewHint="">
                <value type="string">lib-bb-model-errors</value>
            </property>
        </properties>
    </feature>
</catalog>